shipment_id,shipment_date,carrier,origin,destination,region,shipping_mode,priority,weight,distance,shipping_cost,promised_delivery_days,actual_delivery_days,delivery_status,is_delayed
SHP100001,2025-01-01,BlueDart,Hyderabad,Kochi,West,Road,Standard,15.64,2063,1607.06,6,11,Delayed,1
SHP100002,2025-01-01,Delhivery,Delhi,Ahmedabad,West,Road,Express,2.26,135,188.44,5,5,Delivered,0
SHP100003,2025-01-02,UPS,Hyderabad,Jaipur,West,Air,Express,7.65,799,1218.96,4,4,Delivered,0
SHP100004,2025-01-02,Delhivery,Hyderabad,Kochi,West,Road,High,7.79,2159,1367.71,7,7,Delivered,0
SHP100005,2025-01-03,Delhivery,Mumbai,Lucknow,Central,Road,Express,4.65,653,510.41,5,5,Delivered,0
SHP100006,2025-01-03,FedEx,Delhi,Kochi,Central,Road,High,9.29,746,890.03,6,5,Delivered,0
SHP100007,2025-01-04,UPS,Bengaluru,Lucknow,South,Sea,Standard,9.46,363,497.62,10,9,Delivered,0
SHP100008,2025-01-04,UPS,Kolkata,Pune,North,Air,Express,8.8,1824,1530.43,5,6,Delivered,0
SHP100009,2025-01-05,UPS,Chennai,Ahmedabad,West,Road,High,4.59,2314,1403.4,7,8,Delivered,0
SHP100010,2025-01-05,Delhivery,Bengaluru,Thiruvananthapuram,South,Road,Express,3.94,577,410.31,4,4,Delivered,0
SHP100011,2025-01-06,BlueDart,Delhi,Kochi,North,Road,Standard,4.97,1545,1055.43,6,6,Delivered,0
SHP100012,2025-01-07,UPS,Mumbai,Jaipur,East,Road,Express,3.54,209,431.54,5,5,Delivered,0
SHP100013,2025-01-07,Delhivery,Chennai,Ahmedabad,Central,Road,High,13.69,718,942.01,5,5,Delivered,0
SHP100014,2025-01-08,FedEx,Kolkata,Kochi,North,Sea,Express,5.29,2241,1173.91,12,13,Delivered,0
SHP100015,2025-01-08,BlueDart,Hyderabad,Jaipur,East,Air,Standard,7.5,2140,1804.0,4,6,Delivered,0
SHP100016,2025-01-09,FedEx,Hyderabad,Jaipur,North,Air,Express,11.53,1065,1519.65,4,4,Delivered,0
SHP100017,2025-01-09,BlueDart,Bengaluru,Thiruvananthapuram,Central,Road,High,3.4,1072,670.03,5,6,Delivered,0
SHP100018,2025-01-10,Delhivery,Kolkata,Thiruvananthapuram,Central,Road,Standard,2.18,2201,1242.53,5,6,Delivered,0
SHP100019,2025-01-10,DHL,Delhi,Jaipur,South,Air,Express,3.55,180,884.36,1,1,Delivered,0
SHP100020,2025-01-11,BlueDart,Kolkata,Thiruvananthapuram,West,Air,Standard,8.07,2303,1876.01,5,5,Delivered,0
SHP100021,2025-01-11,FedEx,Mumbai,Jaipur,North,Air,Express,7.7,506,1051.26,2,3,Delivered,0
SHP100022,2025-01-12,Delhivery,Bengaluru,Kochi,North,Rail,Express,8.78,120,576.84,7,8,Delivered,0
SHP100023,2025-01-13,BlueDart,Bengaluru,Pune,East,Air,Standard,6.25,508,1078.94,3,4,Delivered,0
SHP100024,2025-01-13,DHL,Mumbai,Thiruvananthapuram,Central,Road,Standard,0.63,423,306.7,4,5,Delivered,0
SHP100025,2025-01-14,DHL,Kolkata,Lucknow,North,Air,Express,6.11,445,986.71,3,3,Delivered,0
SHP100026,2025-01-14,UPS,Mumbai,Lucknow,Central,Road,Standard,12.52,688,926.93,5,7,Delayed,1
SHP100027,2025-01-15,UPS,Chennai,Lucknow,North,Air,Standard,14.61,807,1444.48,3,2,Delivered,0
SHP100028,2025-01-15,FedEx,Mumbai,Pune,South,Road,Express,7.17,2356,1474.98,7,7,Delivered,0
SHP100029,2025-01-16,BlueDart,Kolkata,Jaipur,West,Air,Standard,7.72,904,1232.8,4,4,Delivered,0
SHP100030,2025-01-16,BlueDart,Mumbai,Jaipur,North,Rail,Standard,10.14,1455,1045.59,7,6,Delivered,0
SHP100031,2025-01-17,UPS,Delhi,Ahmedabad,Central,Air,High,14.35,968,1649.31,4,10,Delayed,1
SHP100032,2025-01-17,BlueDart,Hyderabad,Lucknow,South,Road,Standard,6.74,2123,1169.68,7,7,Delivered,0
SHP100033,2025-01-18,BlueDart,Mumbai,Lucknow,North,Rail,Standard,10.05,1421,1063.43,7,7,Delivered,0
SHP100034,2025-01-19,DHL,Hyderabad,Jaipur,East,Road,Express,4.44,1376,919.58,6,6,Delivered,0
SHP100035,2025-01-19,UPS,Mumbai,Lucknow,West,Road,Express,2.46,196,410.07,4,4,Delivered,0
SHP100036,2025-01-20,Delhivery,Kolkata,Jaipur,North,Road,High,4.8,2495,1426.75,7,7,Delivered,0
SHP100037,2025-01-20,UPS,Chennai,Jaipur,South,Road,High,16.43,1197,1370.29,5,5,Delivered,0
SHP100038,2025-01-21,Delhivery,Chennai,Thiruvananthapuram,East,Road,Express,10.18,247,601.27,6,6,Delivered,0
SHP100039,2025-01-21,DHL,Hyderabad,Jaipur,South,Sea,Standard,2.66,1818,887.57,11,17,Delayed,1
SHP100040,2025-01-22,FedEx,Kolkata,Kochi,South,Road,Standard,10.49,1444,1106.78,6,5,Delivered,0
SHP100041,2025-01-22,BlueDart,Kolkata,Kochi,East,Road,Standard,2.83,774,573.24,5,7,Delivered,0
SHP100042,2025-01-23,DHL,Kolkata,Kochi,South,Road,Standard,8.7,1004,875.3,5,5,Delivered,0
SHP100043,2025-01-23,BlueDart,Delhi,Kochi,East,Road,Express,3.3,231,313.85,4,5,Delivered,0
SHP100044,2025-01-24,FedEx,Bengaluru,Pune,North,Air,Express,2.54,665,1045.46,3,3,Delivered,0
SHP100045,2025-01-25,FedEx,Mumbai,Ahmedabad,East,Road,Standard,18.16,992,1203.72,5,5,Delivered,0
SHP100046,2025-01-25,DHL,Kolkata,Ahmedabad,East,Sea,Express,5.28,2401,1188.91,12,13,Delivered,0
SHP100047,2025-01-26,FedEx,Kolkata,Jaipur,West,Air,Standard,10.06,1657,1715.62,4,4,Delivered,0
SHP100048,2025-01-26,Delhivery,Kolkata,Lucknow,East,Road,Standard,6.93,575,586.46,5,9,Delayed,1
SHP100049,2025-01-27,FedEx,Chennai,Kochi,East,Air,Express,3.02,2228,1579.6,5,4,Delivered,0
SHP100050,2025-01-27,BlueDart,Kolkata,Ahmedabad,North,Road,Standard,5.7,636,635.63,5,5,Delivered,0
SHP100051,2025-01-28,BlueDart,Mumbai,Ahmedabad,West,Air,Standard,3.04,1185,1101.93,3,3,Delivered,0
SHP100052,2025-01-28,BlueDart,Kolkata,Kochi,Central,Road,Standard,26.39,1632,1751.19,6,6,Delivered,0
SHP100053,2025-01-29,BlueDart,Mumbai,Pune,North,Rail,Standard,11.25,2200,1265.28,8,8,Delivered,0
SHP100054,2025-01-29,Delhivery,Delhi,Pune,North,Road,Express,6.84,236,425.94,4,9,Delayed,1
SHP100055,2025-01-30,UPS,Bengaluru,Ahmedabad,Central,Road,High,9.71,814,942.86,6,6,Delivered,0
SHP100056,2025-01-31,DHL,Chennai,Pune,East,Rail,Standard,10.79,2259,1425.99,8,16,Delayed,1
SHP100057,2025-01-31,BlueDart,Mumbai,Thiruvananthapuram,South,Sea,Standard,10.8,1507,1042.73,11,10,Delivered,0
SHP100058,2025-02-01,FedEx,Hyderabad,Kochi,West,Air,Express,10.51,638,1323.44,3,4,Delivered,0
SHP100059,2025-02-01,BlueDart,Delhi,Ahmedabad,South,Road,High,9.99,2234,1382.46,6,5,Delivered,0
SHP100060,2025-02-02,FedEx,Bengaluru,Kochi,Central,Air,Standard,7.23,2392,1919.44,4,5,Delivered,0
SHP100061,2025-02-02,FedEx,Bengaluru,Pune,North,Sea,Standard,17.29,234,833.75,10,10,Delivered,0
SHP100062,2025-02-03,BlueDart,Bengaluru,Kochi,North,Sea,Express,7.55,1076,827.02,11,13,Delayed,1
SHP100063,2025-02-03,Delhivery,Mumbai,Pune,West,Road,Express,6.98,2374,1299.3,6,7,Delayed,1
SHP100064,2025-02-04,FedEx,Delhi,Pune,North,Rail,Standard,7.6,610,637.12,7,12,Delayed,1
SHP100065,2025-02-04,FedEx,Kolkata,Kochi,North,Road,Express,7.97,2051,1486.41,6,7,Delivered,0
SHP100066,2025-02-05,BlueDart,Hyderabad,Pune,West,Road,Standard,1.68,808,538.78,6,5,Delivered,0
SHP100067,2025-02-06,FedEx,Delhi,Thiruvananthapuram,West,Air,Standard,3.52,1257,1479.62,4,4,Delivered,0
SHP100068,2025-02-06,FedEx,Delhi,Jaipur,Central,Rail,Standard,6.25,233,597.49,8,8,Delivered,0
SHP100069,2025-02-07,BlueDart,Delhi,Kochi,North,Air,Express,1.6,171,789.35,2,3,Delivered,0
SHP100070,2025-02-07,BlueDart,Mumbai,Jaipur,North,Rail,Standard,6.83,2465,1454.67,8,8,Delivered,0
SHP100071,2025-02-08,DHL,Hyderabad,Kochi,Central,Rail,Standard,7.9,1583,1065.12,8,8,Delivered,0
SHP100072,2025-02-08,Delhivery,Mumbai,Pune,East,Road,Standard,2.37,1796,1003.94,7,8,Delivered,0
SHP100073,2025-02-09,Delhivery,Hyderabad,Pune,East,Air,Express,4.21,2096,1596.83,3,3,Delivered,0
SHP100074,2025-02-09,FedEx,Hyderabad,Ahmedabad,East,Road,Standard,14.98,866,1018.63,5,4,Delivered,0
SHP100075,2025-02-10,Delhivery,Mumbai,Thiruvananthapuram,Central,Air,Standard,9.78,352,995.45,2,3,Delivered,0
SHP100076,2025-02-10,FedEx,Hyderabad,Ahmedabad,North,Road,Standard,9.42,2107,1267.28,6,6,Delivered,0
SHP100077,2025-02-11,DHL,Delhi,Jaipur,Central,Air,Express,13.84,256,1271.47,3,3,Delivered,0
SHP100078,2025-02-12,BlueDart,Mumbai,Pune,Central,Sea,Standard,3.57,722,404.62,11,12,Delivered,0
SHP100079,2025-02-12,BlueDart,Hyderabad,Ahmedabad,East,Road,Standard,2.38,1978,1148.95,6,6,Delivered,0
SHP100080,2025-02-13,BlueDart,Bengaluru,Pune,South,Road,Standard,12.68,646,724.47,6,6,Delivered,0
SHP100081,2025-02-13,Delhivery,Mumbai,Kochi,North,Road,Express,6.38,745,741.13,5,5,Delivered,0
SHP100082,2025-02-14,DHL,Chennai,Ahmedabad,East,Road,Standard,3.5,1411,870.09,6,6,Delivered,0
SHP100083,2025-02-14,Delhivery,Mumbai,Jaipur,South,Road,Express,1.67,1878,1114.69,6,6,Delivered,0
SHP100084,2025-02-15,Delhivery,Mumbai,Ahmedabad,South,Road,High,7.66,1149,884.46,6,6,Delivered,0
SHP100085,2025-02-15,DHL,Mumbai,Pune,West,Sea,High,5.87,2429,1167.35,11,13,Delayed,1
SHP100086,2025-02-16,DHL,Hyderabad,Lucknow,North,Road,Standard,5.17,487,536.82,4,4,Delivered,0
SHP100087,2025-02-16,DHL,Mumbai,Lucknow,South,Sea,High,0.84,1292,680.7,12,13,Delivered,0
SHP100088,2025-02-17,DHL,Chennai,Thiruvananthapuram,East,Rail,Standard,17.15,1933,1531.42,8,9,Delivered,0
SHP100089,2025-02-18,BlueDart,Kolkata,Pune,West,Air,Standard,2.02,1232,1252.34,3,4,Delivered,0
SHP100090,2025-02-18,UPS,Mumbai,Kochi,North,Sea,High,5.54,1221,750.59,10,9,Delivered,0
SHP100091,2025-02-19,UPS,Bengaluru,Ahmedabad,Central,Air,Standard,4.89,223,791.7,3,4,Delivered,0
SHP100092,2025-02-19,DHL,Chennai,Lucknow,East,Rail,Standard,9.97,566,666.78,6,7,Delivered,0
SHP100093,2025-02-20,UPS,Kolkata,Kochi,South,Road,Standard,1.68,939,592.04,5,5,Delivered,0
SHP100094,2025-02-20,UPS,Hyderabad,Pune,South,Rail,Express,9.2,2015,1284.0,8,8,Delivered,0
SHP100095,2025-02-21,DHL,Mumbai,Kochi,East,Rail,Standard,7.68,227,689.53,7,7,Delayed,1
SHP100096,2025-02-21,UPS,Kolkata,Pune,South,Rail,Express,4.05,1439,1001.84,7,7,Delivered,0
SHP100097,2025-02-22,Delhivery,Bengaluru,Thiruvananthapuram,West,Rail,High,8.99,1437,1119.29,8,8,Delivered,0
SHP100098,2025-02-22,FedEx,Chennai,Ahmedabad,North,Road,Express,6.83,169,500.76,4,5,Delivered,0
SHP100099,2025-02-23,FedEx,Chennai,Kochi,West,Air,Standard,19.72,1437,1885.56,5,5,Delivered,0
SHP100100,2025-02-24,DHL,Hyderabad,Ahmedabad,South,Road,High,5.86,278,505.63,5,6,Delivered,0
SHP100101,2025-02-24,BlueDart,Hyderabad,Kochi,Central,Air,Standard,3.14,617,1001.05,3,2,Delivered,0
SHP100102,2025-02-25,DHL,Hyderabad,Pune,North,Road,Standard,9.26,380,638.73,6,6,Delivered,0
SHP100103,2025-02-25,BlueDart,Kolkata,Pune,North,Road,Standard,5.35,803,542.03,5,10,Delayed,1
SHP100104,2025-02-26,FedEx,Mumbai,Kochi,East,Sea,Standard,6.73,1678,994.28,12,12,Delivered,0
SHP100105,2025-02-26,DHL,Delhi,Thiruvananthapuram,East,Road,Standard,2.39,1539,886.04,6,7,Delivered,0
SHP100106,2025-02-27,Delhivery,Chennai,Pune,Central,Rail,Standard,10.07,147,511.55,7,14,Delayed,1
SHP100107,2025-02-27,UPS,Delhi,Jaipur,North,Air,Standard,4.73,1617,1421.57,4,4,Delivered,0
SHP100108,2025-02-28,BlueDart,Chennai,Jaipur,Central,Rail,Standard,8.09,477,660.27,6,8,Delivered,0
SHP100109,2025-02-28,UPS,Hyderabad,Ahmedabad,East,Sea,Express,22.8,699,1176.91,11,10,Delivered,0
SHP100110,2025-03-01,UPS,Mumbai,Jaipur,East,Road,Express,5.62,1664,1079.67,6,5,Delivered,0
SHP100111,2025-03-02,DHL,Mumbai,Jaipur,North,Road,Express,10.98,1243,1105.39,5,6,Delivered,0
SHP100112,2025-03-02,UPS,Chennai,Thiruvananthapuram,West,Rail,Standard,5.9,809,761.79,7,8,Delivered,0
SHP100113,2025-03-03,Delhivery,Kolkata,Thiruvananthapuram,South,Air,Standard,4.09,635,1006.6,4,4,Delivered,0
SHP100114,2025-03-03,UPS,Hyderabad,Lucknow,East,Road,High,15.31,2032,1560.13,7,10,Delayed,1
SHP100115,2025-03-04,DHL,Mumbai,Lucknow,East,Road,Standard,1.26,1831,867.09,6,10,Delayed,1
SHP100116,2025-03-04,Delhivery,Mumbai,Thiruvananthapuram,West,Air,Express,12.83,2409,2025.44,4,4,Delivered,0
SHP100117,2025-03-05,FedEx,Bengaluru,Lucknow,West,Road,Standard,1.12,1075,632.21,7,6,Delivered,0
SHP100118,2025-03-05,UPS,Mumbai,Thiruvananthapuram,Central,Air,High,12.0,2039,1977.57,3,3,Delivered,0
SHP100119,2025-03-06,DHL,Bengaluru,Lucknow,Central,Air,Standard,6.8,1681,1577.22,4,4,Delivered,0
SHP100120,2025-03-06,FedEx,Mumbai,Pune,South,Air,Standard,3.15,1560,1292.59,3,4,Delivered,0
SHP100121,2025-03-07,FedEx,Mumbai,Thiruvananthapuram,South,Sea,Express,4.97,2214,1230.54,13,13,Delivered,0
SHP100122,2025-03-08,BlueDart,Kolkata,Ahmedabad,North,Road,Standard,10.6,1182,1079.32,5,4,Delivered,0
SHP100123,2025-03-08,Delhivery,Kolkata,Ahmedabad,Central,Sea,Standard,21.47,2431,1801.78,12,13,Delivered,0
SHP100124,2025-03-09,UPS,Hyderabad,Thiruvananthapuram,East,Road,Standard,1.74,1483,906.86,7,10,Delayed,1
SHP100125,2025-03-09,DHL,Mumbai,Jaipur,Central,Road,Express,3.31,2257,1059.16,6,5,Delivered,0
SHP100126,2025-03-10,BlueDart,Hyderabad,Ahmedabad,East,Road,Standard,2.21,1379,640.95,7,8,Delivered,0
SHP100127,2025-03-10,Delhivery,Hyderabad,Jaipur,West,Road,Standard,5.87,1802,1042.17,6,8,Delayed,1
SHP100128,2025-03-11,BlueDart,Hyderabad,Ahmedabad,Central,Air,Standard,12.21,978,1441.91,3,4,Delivered,0
SHP100129,2025-03-11,Delhivery,Hyderabad,Kochi,West,Road,Standard,1.96,1286,890.09,7,8,Delivered,0
SHP100130,2025-03-12,Delhivery,Chennai,Kochi,South,Air,Express,6.68,1615,1443.21,4,4,Delivered,0
SHP100131,2025-03-12,UPS,Chennai,Thiruvananthapuram,South,Road,Standard,11.96,157,568.9,4,4,Delivered,0
SHP100132,2025-03-13,Delhivery,Mumbai,Ahmedabad,North,Road,Standard,4.92,1612,1020.68,6,5,Delivered,0
SHP100133,2025-03-14,BlueDart,Chennai,Pune,Central,Air,Standard,7.73,317,976.04,3,6,Delayed,1
SHP100134,2025-03-14,Delhivery,Mumbai,Jaipur,West,Air,Standard,14.6,1237,1578.3,4,4,Delivered,0
SHP100135,2025-03-15,UPS,Kolkata,Ahmedabad,East,Rail,Standard,2.83,2076,1112.98,8,8,Delivered,0
SHP100136,2025-03-15,UPS,Delhi,Thiruvananthapuram,South,Road,Standard,1.39,1295,860.42,7,8,Delivered,0
SHP100137,2025-03-16,BlueDart,Bengaluru,Jaipur,South,Air,Standard,8.38,357,1126.23,3,3,Delivered,0
SHP100138,2025-03-16,FedEx,Chennai,Lucknow,East,Sea,High,8.54,603,628.18,10,11,Delivered,0
SHP100139,2025-03-17,FedEx,Chennai,Thiruvananthapuram,West,Air,Standard,4.67,259,1004.03,3,4,Delivered,0
SHP100140,2025-03-17,Delhivery,Kolkata,Ahmedabad,West,Road,Express,4.01,202,428.79,4,5,Delivered,0
SHP100141,2025-03-18,DHL,Chennai,Pune,Central,Sea,Standard,6.9,1349,968.15,11,10,Delivered,0
SHP100142,2025-03-18,Delhivery,Mumbai,Lucknow,Central,Air,Standard,2.79,1837,1430.58,3,3,Delivered,0
SHP100143,2025-03-19,BlueDart,Mumbai,Thiruvananthapuram,North,Air,Standard,2.8,1174,1166.92,5,4,Delivered,0
SHP100144,2025-03-20,BlueDart,Delhi,Ahmedabad,South,Air,Standard,10.55,559,1155.87,3,7,Delayed,1
SHP100145,2025-03-20,BlueDart,Delhi,Kochi,Central,Road,High,2.64,1877,1046.75,6,5,Delivered,0
SHP100146,2025-03-21,BlueDart,Delhi,Ahmedabad,West,Air,High,1.47,2211,1609.85,4,4,Delivered,0
SHP100147,2025-03-21,BlueDart,Mumbai,Kochi,East,Road,Express,4.0,2484,1373.97,6,5,Delivered,0
SHP100148,2025-03-22,UPS,Hyderabad,Kochi,West,Air,Express,4.75,895,1296.02,3,5,Delayed,1
SHP100149,2025-03-22,FedEx,Hyderabad,Thiruvananthapuram,South,Road,Standard,9.2,522,744.13,5,6,Delivered,0
SHP100150,2025-03-23,BlueDart,Delhi,Ahmedabad,West,Sea,Standard,4.27,222,293.84,11,13,Delivered,0
SHP100151,2025-03-23,DHL,Delhi,Ahmedabad,North,Rail,High,16.17,271,811.03,5,4,Delivered,0
SHP100152,2025-03-24,DHL,Mumbai,Kochi,South,Road,Express,7.15,1490,1139.95,5,6,Delivered,0
SHP100153,2025-03-24,DHL,Kolkata,Jaipur,East,Road,Standard,3.58,457,541.23,5,5,Delivered,0
SHP100154,2025-03-25,DHL,Chennai,Lucknow,North,Road,Standard,8.95,614,828.7,4,3,Delivered,0
SHP100155,2025-03-26,UPS,Bengaluru,Pune,South,Road,Standard,15.99,1796,1412.21,6,7,Delivered,0
SHP100156,2025-03-26,DHL,Hyderabad,Ahmedabad,East,Road,High,10.36,1112,928.74,5,7,Delayed,1
SHP100157,2025-03-27,BlueDart,Hyderabad,Lucknow,North,Air,Standard,1.86,1490,1266.53,4,4,Delivered,0
SHP100158,2025-03-27,Delhivery,Mumbai,Lucknow,North,Rail,Standard,5.06,2220,1246.18,9,10,Delivered,0
SHP100159,2025-03-28,DHL,Mumbai,Jaipur,South,Road,Standard,8.0,2069,1230.55,7,11,Delayed,1
SHP100160,2025-03-28,UPS,Bengaluru,Lucknow,Central,Air,Express,10.09,1257,1501.48,4,3,Delivered,0
SHP100161,2025-03-29,UPS,Bengaluru,Ahmedabad,North,Road,Standard,5.9,484,593.95,6,7,Delivered,0
SHP100162,2025-03-29,DHL,Delhi,Thiruvananthapuram,North,Road,Express,5.32,1252,969.79,5,6,Delivered,0
SHP100163,2025-03-30,Delhivery,Bengaluru,Thiruvananthapuram,East,Rail,Standard,19.63,968,1091.5,7,7,Delivered,0
SHP100164,2025-03-30,DHL,Chennai,Lucknow,West,Road,High,10.46,501,659.05,5,5,Delivered,0
SHP100165,2025-03-31,UPS,Chennai,Ahmedabad,South,Rail,Express,8.96,1721,1245.93,9,8,Delivered,0
SHP100166,2025-04-01,FedEx,Hyderabad,Ahmedabad,South,Air,Standard,4.41,551,1015.38,3,3,Delivered,0
SHP100167,2025-04-01,BlueDart,Chennai,Kochi,Central,Road,Standard,2.76,626,534.38,5,5,Delivered,0
SHP100168,2025-04-02,UPS,Chennai,Jaipur,Central,Road,Standard,9.07,710,856.91,5,6,Delivered,0
SHP100169,2025-04-02,DHL,Chennai,Pune,South,Air,Standard,11.21,1117,1387.16,2,2,Delivered,0
SHP100170,2025-04-03,BlueDart,Delhi,Kochi,Central,Air,Express,6.71,1909,1595.49,3,8,Delayed,1
SHP100171,2025-04-03,DHL,Hyderabad,Pune,East,Rail,Standard,10.48,443,642.16,6,6,Delivered,0
SHP100172,2025-04-04,DHL,Mumbai,Ahmedabad,South,Air,Standard,10.66,2246,1773.54,4,4,Delivered,0
SHP100173,2025-04-04,FedEx,Hyderabad,Thiruvananthapuram,Central,Road,Standard,11.69,625,825.88,5,6,Delivered,0
SHP100174,2025-04-05,BlueDart,Hyderabad,Kochi,South,Air,Standard,1.83,713,951.42,3,3,Delivered,0
SHP100175,2025-04-05,BlueDart,Hyderabad,Lucknow,West,Air,Express,5.17,2016,1590.86,4,7,Delayed,1
SHP100176,2025-04-06,FedEx,Bengaluru,Lucknow,North,Air,Standard,9.43,1760,1607.02,4,5,Delivered,0
SHP100177,2025-04-07,UPS,Mumbai,Pune,South,Sea,High,6.97,1042,759.44,11,11,Delivered,0
SHP100178,2025-04-07,DHL,Bengaluru,Ahmedabad,North,Rail,High,10.68,962,869.9,6,5,Delivered,0
SHP100179,2025-04-08,Delhivery,Delhi,Thiruvananthapuram,Central,Sea,Standard,8.96,950,801.23,11,10,Delivered,0
SHP100180,2025-04-08,DHL,Delhi,Pune,North,Road,Standard,0.9,595,490.84,6,12,Delayed,1
SHP100181,2025-04-09,DHL,Kolkata,Thiruvananthapuram,South,Air,Express,13.51,1500,1671.7,3,3,Delivered,0
SHP100182,2025-04-09,UPS,Kolkata,Jaipur,West,Road,Standard,4.7,945,701.93,5,5,Delivered,0
SHP100183,2025-04-10,DHL,Delhi,Thiruvananthapuram,Central,Road,Standard,3.42,2233,1240.28,7,8,Delivered,0
SHP100184,2025-04-10,FedEx,Delhi,Lucknow,South,Rail,Standard,13.23,1188,1100.3,7,7,Delivered,0
SHP100185,2025-04-11,FedEx,Bengaluru,Kochi,Central,Air,Standard,10.15,293,1170.97,3,4,Delivered,0
SHP100186,2025-04-11,BlueDart,Delhi,Kochi,East,Road,Express,14.41,2324,1639.48,6,10,Delayed,1
SHP100187,2025-04-12,Delhivery,Mumbai,Kochi,North,Air,Standard,8.06,98,1005.77,4,4,Delivered,0
SHP100188,2025-04-13,DHL,Bengaluru,Thiruvananthapuram,East,Road,Standard,5.12,721,689.4,5,5,Delivered,0
SHP100189,2025-04-13,DHL,Delhi,Lucknow,South,Road,High,7.44,1184,823.07,6,10,Delayed,1
SHP100190,2025-04-14,UPS,Bengaluru,Thiruvananthapuram,West,Road,Express,2.94,409,406.78,5,5,Delivered,0
SHP100191,2025-04-14,FedEx,Bengaluru,Ahmedabad,Central,Road,Standard,2.16,945,642.65,5,4,Delivered,0
SHP100192,2025-04-15,Delhivery,Chennai,Lucknow,North,Road,Express,4.16,853,732.17,5,6,Delivered,0
SHP100193,2025-04-15,BlueDart,Kolkata,Lucknow,Central,Road,Standard,17.15,471,1061.57,5,5,Delivered,0
SHP100194,2025-04-16,FedEx,Bengaluru,Thiruvananthapuram,South,Rail,Express,4.49,716,590.51,7,7,Delivered,0
SHP100195,2025-04-16,BlueDart,Hyderabad,Thiruvananthapuram,Central,Rail,Standard,1.5,2434,1254.15,8,8,Delivered,0
SHP100196,2025-04-17,UPS,Bengaluru,Kochi,North,Sea,Standard,6.02,1105,812.73,12,12,Delivered,0
SHP100197,2025-04-17,UPS,Hyderabad,Lucknow,South,Rail,Express,4.45,1754,1055.03,9,10,Delivered,0
SHP100198,2025-04-18,DHL,Chennai,Kochi,Central,Road,Standard,13.67,819,1076.51,5,6,Delayed,1
SHP100199,2025-04-19,Delhivery,Delhi,Ahmedabad,West,Road,High,16.4,1625,1292.95,6,6,Delivered,0
SHP100200,2025-04-19,BlueDart,Bengaluru,Jaipur,South,Road,Standard,4.95,548,616.02,5,5,Delivered,0
SHP100201,2025-04-20,FedEx,Chennai,Kochi,South,Air,High,8.06,2339,1917.07,5,5,Delivered,0
SHP100202,2025-04-20,UPS,Mumbai,Thiruvananthapuram,West,Rail,High,8.52,1215,1043.58,6,7,Delayed,1
SHP100203,2025-04-21,DHL,Chennai,Pune,East,Air,Standard,6.5,1111,1308.96,5,10,Delayed,1
SHP100204,2025-04-21,DHL,Kolkata,Jaipur,North,Sea,Express,5.69,953,744.75,10,10,Delivered,0
SHP100205,2025-04-22,BlueDart,Kolkata,Ahmedabad,East,Road,Standard,3.24,539,492.62,5,5,Delivered,0
SHP100206,2025-04-22,UPS,Delhi,Thiruvananthapuram,Central,Road,High,1.28,2380,1164.46,7,7,Delivered,0
SHP100207,2025-04-23,Delhivery,Hyderabad,Jaipur,West,Road,Standard,3.22,1629,900.92,7,8,Delivered,0
SHP100208,2025-04-23,UPS,Delhi,Thiruvananthapuram,East,Rail,Express,6.34,831,631.0,7,10,Delayed,1
SHP100209,2025-04-24,BlueDart,Hyderabad,Kochi,South,Road,Standard,1.96,1541,859.04,7,7,Delivered,0
SHP100210,2025-04-25,BlueDart,Hyderabad,Thiruvananthapuram,Central,Road,Standard,7.78,1857,1230.7,6,6,Delivered,0
SHP100211,2025-04-25,UPS,Hyderabad,Ahmedabad,Central,Air,Standard,7.07,933,1233.53,3,4,Delivered,0
SHP100212,2025-04-26,BlueDart,Hyderabad,Pune,East,Road,Standard,4.45,2363,1328.72,7,7,Delivered,0
SHP100213,2025-04-26,UPS,Kolkata,Kochi,East,Air,Express,5.52,1409,1484.86,4,5,Delivered,0
SHP100214,2025-04-27,FedEx,Kolkata,Kochi,West,Road,Express,2.28,557,450.68,4,4,Delivered,0
SHP100215,2025-04-27,UPS,Bengaluru,Ahmedabad,North,Road,Express,11.56,2343,1697.8,7,8,Delivered,0
SHP100216,2025-04-28,UPS,Kolkata,Ahmedabad,East,Road,Standard,11.43,214,688.51,5,5,Delivered,0
SHP100217,2025-04-28,BlueDart,Delhi,Jaipur,East,Air,Standard,2.64,1232,1218.14,4,5,Delivered,0
SHP100218,2025-04-29,BlueDart,Kolkata,Pune,South,Air,Standard,2.7,489,906.41,3,4,Delivered,0
SHP100219,2025-04-29,DHL,Delhi,Thiruvananthapuram,Central,Road,Express,3.25,1525,853.93,5,5,Delivered,0
SHP100220,2025-04-30,DHL,Mumbai,Jaipur,North,Air,High,9.74,1397,1526.62,4,4,Delivered,0
SHP100221,2025-05-01,FedEx,Kolkata,Thiruvananthapuram,South,Air,Standard,8.5,1349,1317.27,3,4,Delivered,0
SHP100222,2025-05-01,DHL,Delhi,Thiruvananthapuram,West,Air,Standard,13.13,1659,1834.84,2,4,Delayed,1
SHP100223,2025-05-02,UPS,Hyderabad,Thiruvananthapuram,West,Sea,Standard,14.07,165,422.38,10,17,Delayed,1
SHP100224,2025-05-02,BlueDart,Chennai,Jaipur,East,Road,Express,1.81,1945,1057.74,6,12,Delayed,1
SHP100225,2025-05-03,DHL,Hyderabad,Kochi,East,Road,Express,9.51,1549,1054.82,6,7,Delivered,0
SHP100226,2025-05-03,DHL,Bengaluru,Ahmedabad,West,Air,Express,13.72,457,1211.9,4,5,Delivered,0
SHP100227,2025-05-04,FedEx,Delhi,Kochi,East,Road,Standard,5.26,1760,1047.47,7,7,Delivered,0
SHP100228,2025-05-04,FedEx,Hyderabad,Pune,North,Rail,Express,6.62,1154,1011.31,7,7,Delivered,0
SHP100229,2025-05-05,UPS,Kolkata,Jaipur,East,Road,Express,5.93,321,427.35,4,8,Delayed,1
SHP100230,2025-05-05,BlueDart,Kolkata,Pune,Central,Air,Standard,6.12,999,1309.42,4,4,Delivered,0
SHP100231,2025-05-06,FedEx,Mumbai,Ahmedabad,East,Air,Standard,11.53,1666,1779.91,4,4,Delivered,0
SHP100232,2025-05-07,DHL,Chennai,Ahmedabad,South,Air,Standard,19.18,2393,2085.13,5,12,Delayed,1
SHP100233,2025-05-07,BlueDart,Delhi,Lucknow,North,Road,Standard,15.82,1351,1210.59,5,5,Delivered,0
SHP100234,2025-05-08,BlueDart,Hyderabad,Pune,South,Rail,High,4.61,149,494.01,7,7,Delivered,0
SHP100235,2025-05-08,DHL,Chennai,Kochi,South,Air,Standard,8.08,2184,1713.81,4,4,Delivered,0
SHP100236,2025-05-09,FedEx,Mumbai,Pune,Central,Air,Express,3.66,1485,1454.7,4,4,Delivered,0
SHP100237,2025-05-09,DHL,Bengaluru,Jaipur,North,Air,Standard,3.96,2166,1665.19,4,5,Delivered,0
SHP100238,2025-05-10,BlueDart,Chennai,Ahmedabad,North,Sea,Standard,6.42,2087,1177.7,12,11,Delivered,0
SHP100239,2025-05-10,Delhivery,Mumbai,Ahmedabad,North,Air,Standard,3.87,880,1128.3,2,3,Delivered,0
SHP100240,2025-05-11,Delhivery,Delhi,Pune,North,Rail,Standard,4.33,1121,813.36,8,9,Delivered,0
SHP100241,2025-05-11,UPS,Bengaluru,Pune,North,Road,Standard,7.95,904,747.19,5,6,Delivered,0
SHP100242,2025-05-12,DHL,Kolkata,Thiruvananthapuram,Central,Road,Standard,9.43,835,814.23,5,5,Delivered,0
SHP100243,2025-05-13,DHL,Mumbai,Pune,East,Air,Standard,9.26,2479,1993.44,5,5,Delivered,0
SHP100244,2025-05-13,UPS,Kolkata,Thiruvananthapuram,South,Air,Standard,9.32,2075,1812.12,4,4,Delivered,0
SHP100245,2025-05-14,UPS,Bengaluru,Jaipur,North,Road,Standard,2.42,1919,1087.87,5,10,Delayed,1
SHP100246,2025-05-14,UPS,Mumbai,Jaipur,East,Rail,Standard,3.72,1401,837.15,8,8,Delivered,0
SHP100247,2025-05-15,BlueDart,Mumbai,Kochi,East,Road,Standard,6.92,2410,1457.9,6,7,Delivered,0
SHP100248,2025-05-15,DHL,Bengaluru,Pune,South,Road,High,13.32,1689,1324.47,6,7,Delivered,0
SHP100249,2025-05-16,BlueDart,Delhi,Kochi,Central,Air,Standard,25.81,189,1424.65,3,3,Delivered,0
SHP100250,2025-05-16,UPS,Mumbai,Lucknow,West,Sea,Express,8.3,1096,788.72,12,12,Delivered,0
SHP100251,2025-05-17,DHL,Bengaluru,Jaipur,West,Rail,Standard,10.83,2041,1321.09,8,11,Delayed,1
SHP100252,2025-05-17,BlueDart,Chennai,Ahmedabad,East,Air,Express,2.2,1849,1413.39,4,6,Delivered,0
SHP100253,2025-05-18,BlueDart,Kolkata,Thiruvananthapuram,South,Sea,Standard,10.64,104,450.81,11,17,Delayed,1
SHP100254,2025-05-19,UPS,Mumbai,Lucknow,West,Road,High,21.64,922,1302.66,5,5,Delayed,1
SHP100255,2025-05-19,DHL,Chennai,Ahmedabad,East,Road,Standard,3.71,817,597.98,6,11,Delayed,1
SHP100256,2025-05-20,UPS,Mumbai,Lucknow,Central,Road,Express,4.44,2184,1255.11,7,7,Delivered,0
SHP100257,2025-05-20,DHL,Delhi,Kochi,West,Rail,Standard,11.77,259,669.7,7,7,Delivered,0
SHP100258,2025-05-21,Delhivery,Bengaluru,Kochi,East,Road,Standard,6.86,311,475.61,3,3,Delivered,0
SHP100259,2025-05-21,FedEx,Mumbai,Thiruvananthapuram,East,Air,Express,1.18,1997,1482.36,4,5,Delivered,0
SHP100260,2025-05-22,FedEx,Bengaluru,Jaipur,North,Road,Standard,4.65,422,566.58,6,6,Delivered,0
SHP100261,2025-05-22,FedEx,Hyderabad,Thiruvananthapuram,Central,Sea,Standard,16.35,556,867.21,10,12,Delivered,0
SHP100262,2025-05-23,UPS,Mumbai,Ahmedabad,North,Air,Standard,5.49,1902,1642.94,4,3,Delivered,0
SHP100263,2025-05-23,Delhivery,Delhi,Lucknow,South,Road,Express,5.48,534,668.71,6,6,Delivered,0
SHP100264,2025-05-24,DHL,Delhi,Thiruvananthapuram,North,Road,High,11.29,1335,1132.43,6,5,Delivered,0
SHP100265,2025-05-25,BlueDart,Chennai,Pune,North,Road,Standard,8.5,368,472.11,4,4,Delivered,0
SHP100266,2025-05-25,DHL,Delhi,Pune,West,Road,Express,5.27,1316,920.3,5,7,Delivered,0
SHP100267,2025-05-26,BlueDart,Bengaluru,Jaipur,East,Sea,Standard,4.22,2385,1193.47,12,12,Delivered,0
SHP100268,2025-05-26,DHL,Hyderabad,Thiruvananthapuram,Central,Air,Standard,33.42,609,2081.94,3,3,Delivered,0
SHP100269,2025-05-27,Delhivery,Delhi,Ahmedabad,North,Air,High,14.68,2356,2117.23,5,5,Delivered,0
SHP100270,2025-05-27,BlueDart,Mumbai,Pune,Central,Air,High,9.32,675,1169.92,3,4,Delivered,0
SHP100271,2025-05-28,UPS,Delhi,Jaipur,North,Rail,Express,9.72,514,746.58,7,7,Delivered,0
SHP100272,2025-05-28,DHL,Hyderabad,Thiruvananthapuram,South,Road,Standard,6.15,961,786.78,5,6,Delivered,0
SHP100273,2025-05-29,DHL,Bengaluru,Jaipur,North,Air,Standard,8.43,1861,1561.12,4,5,Delivered,0
SHP100274,2025-05-29,BlueDart,Mumbai,Ahmedabad,West,Rail,Standard,5.69,481,624.51,6,6,Delivered,0
SHP100275,2025-05-30,UPS,Chennai,Pune,East,Rail,Standard,3.45,2215,1192.31,8,14,Delayed,1
SHP100276,2025-05-31,UPS,Chennai,Pune,South,Rail,Standard,8.65,1645,1247.14,8,9,Delivered,0
SHP100277,2025-05-31,Delhivery,Chennai,Pune,North,Sea,Express,5.35,388,425.45,10,9,Delivered,0
SHP100278,2025-06-01,UPS,Mumbai,Kochi,Central,Air,High,8.96,422,1194.71,4,6,Delivered,0
SHP100279,2025-06-01,UPS,Chennai,Pune,South,Rail,Standard,10.09,515,748.92,8,10,Delivered,0
SHP100280,2025-06-02,UPS,Delhi,Lucknow,South,Road,Standard,9.27,256,652.35,4,4,Delivered,0
SHP100281,2025-06-02,FedEx,Mumbai,Kochi,North,Rail,Express,3.23,218,340.49,5,5,Delivered,0
SHP100282,2025-06-03,Delhivery,Mumbai,Thiruvananthapuram,South,Road,Standard,4.93,273,477.13,5,6,Delivered,0
SHP100283,2025-06-03,DHL,Mumbai,Kochi,Central,Rail,Express,5.42,1264,763.48,8,7,Delivered,0
SHP100284,2025-06-04,BlueDart,Kolkata,Kochi,South,Road,Standard,12.6,1022,1003.55,5,5,Delivered,0
SHP100285,2025-06-04,DHL,Bengaluru,Kochi,Central,Air,Standard,12.18,604,1169.52,3,2,Delivered,0
SHP100286,2025-06-05,Delhivery,Kolkata,Jaipur,North,Road,High,3.89,1704,940.15,7,8,Delivered,0
SHP100287,2025-06-06,BlueDart,Kolkata,Lucknow,East,Sea,Standard,2.37,2337,1095.02,12,13,Delivered,0
SHP100288,2025-06-06,Delhivery,Kolkata,Ahmedabad,South,Sea,Standard,26.56,820,1340.55,11,11,Delivered,0
SHP100289,2025-06-07,UPS,Bengaluru,Pune,East,Air,Standard,9.03,941,1303.86,3,4,Delivered,0
SHP100290,2025-06-07,BlueDart,Kolkata,Kochi,Central,Air,High,2.11,1033,1133.58,3,4,Delivered,0
SHP100291,2025-06-08,UPS,Chennai,Ahmedabad,South,Air,Express,4.39,1382,1338.7,3,3,Delivered,0
SHP100292,2025-06-08,DHL,Mumbai,Jaipur,West,Road,Standard,12.94,1354,1238.41,5,8,Delayed,1
SHP100293,2025-06-09,DHL,Mumbai,Ahmedabad,East,Rail,Standard,22.67,1823,1671.38,9,13,Delayed,1
SHP100294,2025-06-09,BlueDart,Delhi,Kochi,South,Air,Express,20.39,2267,2252.04,4,5,Delivered,0
SHP100295,2025-06-10,BlueDart,Hyderabad,Thiruvananthapuram,East,Road,Standard,8.78,871,786.86,5,5,Delivered,0
SHP100296,2025-06-10,Delhivery,Chennai,Lucknow,South,Rail,Express,6.75,625,738.96,7,9,Delivered,0
SHP100297,2025-06-11,Delhivery,Bengaluru,Ahmedabad,North,Road,Standard,2.99,1924,1169.47,6,6,Delivered,0
SHP100298,2025-06-12,UPS,Hyderabad,Kochi,East,Road,Standard,7.15,1096,866.54,5,5,Delivered,0
SHP100299,2025-06-12,BlueDart,Mumbai,Kochi,West,Road,Express,3.32,2007,1088.28,7,7,Delayed,1
SHP100300,2025-06-13,DHL,Kolkata,Pune,West,Road,Standard,4.97,1633,911.78,5,5,Delivered,0
SHP100301,2025-06-13,Delhivery,Delhi,Thiruvananthapuram,Central,Air,Express,11.76,136,1002.64,3,3,Delivered,0
SHP100302,2025-06-14,Delhivery,Delhi,Pune,South,Road,Standard,5.67,2239,1150.12,6,8,Delivered,0
SHP100303,2025-06-14,DHL,Mumbai,Thiruvananthapuram,East,Road,Standard,5.4,84,324.34,4,4,Delivered,0
SHP100304,2025-06-15,Delhivery,Chennai,Lucknow,Central,Rail,High,6.5,1517,1050.13,8,7,Delivered,0
SHP100305,2025-06-15,UPS,Hyderabad,Pune,East,Road,Standard,28.99,1442,1709.79,6,7,Delivered,0
SHP100306,2025-06-16,BlueDart,Delhi,Lucknow,South,Rail,Express,2.73,1900,1227.99,7,9,Delivered,0
SHP100307,2025-06-16,DHL,Mumbai,Jaipur,West,Air,Standard,8.17,1362,1437.51,4,5,Delivered,0
SHP100308,2025-06-17,BlueDart,Chennai,Jaipur,North,Road,Express,19.27,2217,1696.34,7,7,Delivered,0
SHP100309,2025-06-18,Delhivery,Mumbai,Thiruvananthapuram,West,Air,Express,6.48,1353,1480.01,4,4,Delivered,0
SHP100310,2025-06-18,Delhivery,Mumbai,Thiruvananthapuram,Central,Air,Standard,14.5,1211,1467.73,3,3,Delivered,0
SHP100311,2025-06-19,DHL,Chennai,Pune,North,Road,Express,2.24,747,461.7,5,6,Delivered,0
SHP100312,2025-06-19,UPS,Chennai,Jaipur,Central,Sea,Express,5.81,1361,904.01,11,13,Delivered,0
SHP100313,2025-06-20,FedEx,Chennai,Ahmedabad,South,Air,Standard,3.61,1076,1183.76,4,5,Delivered,0
SHP100314,2025-06-20,DHL,Mumbai,Ahmedabad,North,Road,Standard,6.43,2006,1216.21,6,10,Delayed,1
SHP100315,2025-06-21,FedEx,Delhi,Ahmedabad,Central,Rail,Standard,6.53,361,474.98,7,8,Delivered,0
SHP100316,2025-06-21,FedEx,Bengaluru,Jaipur,South,Air,Standard,7.01,1307,1420.04,3,2,Delivered,0
SHP100317,2025-06-22,UPS,Bengaluru,Ahmedabad,West,Road,Standard,11.69,2143,1397.58,5,5,Delivered,0
SHP100318,2025-06-22,FedEx,Mumbai,Lucknow,South,Road,Standard,0.8,1015,636.99,5,5,Delivered,0
SHP100319,2025-06-23,FedEx,Mumbai,Kochi,East,Road,Standard,4.24,333,374.45,6,12,Delayed,1
SHP100320,2025-06-24,UPS,Delhi,Thiruvananthapuram,South,Air,Express,7.8,1291,1409.05,3,3,Delivered,0
SHP100321,2025-06-24,FedEx,Chennai,Pune,South,Road,Standard,1.24,408,532.78,4,5,Delivered,0
SHP100322,2025-06-25,FedEx,Mumbai,Lucknow,East,Rail,High,10.17,1500,1105.69,8,10,Delivered,0
SHP100323,2025-06-25,FedEx,Kolkata,Ahmedabad,Central,Road,Standard,4.18,1620,984.94,6,6,Delayed,1
SHP100324,2025-06-26,DHL,Chennai,Kochi,Central,Air,Standard,5.89,1272,1338.54,3,5,Delivered,0
SHP100325,2025-06-26,DHL,Mumbai,Pune,South,Rail,Express,12.03,1796,1331.5,9,11,Delivered,0
SHP100326,2025-06-27,DHL,Kolkata,Lucknow,East,Air,Standard,14.92,2493,2187.27,4,5,Delivered,0
SHP100327,2025-06-27,UPS,Hyderabad,Pune,East,Road,Standard,10.37,1281,1067.87,5,5,Delivered,0
SHP100328,2025-06-28,Delhivery,Delhi,Thiruvananthapuram,West,Air,Standard,2.66,734,1042.95,3,4,Delivered,0
SHP100329,2025-06-28,FedEx,Kolkata,Jaipur,Central,Sea,Standard,10.04,1465,1023.92,11,12,Delivered,0
SHP100330,2025-06-29,FedEx,Mumbai,Ahmedabad,North,Road,Standard,10.48,839,874.76,5,5,Delivered,0
SHP100331,2025-06-30,UPS,Bengaluru,Lucknow,Central,Road,High,9.17,1878,1247.22,5,5,Delivered,0
SHP100332,2025-06-30,FedEx,Mumbai,Lucknow,Central,Air,Standard,16.46,1143,1509.91,5,6,Delivered,0
SHP100333,2025-07-01,DHL,Bengaluru,Kochi,West,Road,High,7.14,495,800.52,5,6,Delivered,0
SHP100334,2025-07-01,Delhivery,Delhi,Kochi,North,Rail,Express,16.07,334,885.49,7,6,Delivered,0
SHP100335,2025-07-02,BlueDart,Delhi,Kochi,West,Sea,Standard,16.0,1246,1066.77,11,15,Delayed,1
SHP100336,2025-07-02,FedEx,Chennai,Pune,North,Road,Standard,10.67,1956,1359.06,6,8,Delayed,1
SHP100337,2025-07-03,DHL,Chennai,Ahmedabad,South,Road,Express,8.26,979,761.27,5,6,Delivered,0
SHP100338,2025-07-03,BlueDart,Bengaluru,Pune,North,Road,High,9.21,2138,1338.09,6,6,Delivered,0
SHP100339,2025-07-04,Delhivery,Bengaluru,Ahmedabad,West,Rail,Standard,18.7,105,718.76,7,7,Delivered,0
SHP100340,2025-07-04,BlueDart,Delhi,Lucknow,Central,Road,Standard,13.31,500,812.34,5,5,Delivered,0
SHP100341,2025-07-05,DHL,Kolkata,Pune,North,Road,Standard,2.94,1324,719.47,6,5,Delivered,0
SHP100342,2025-07-06,BlueDart,Bengaluru,Pune,North,Road,Standard,8.83,1956,1311.27,6,5,Delivered,0
SHP100343,2025-07-06,UPS,Bengaluru,Pune,East,Road,Standard,3.46,1340,901.28,5,6,Delivered,0
SHP100344,2025-07-07,BlueDart,Kolkata,Jaipur,Central,Air,Express,4.08,2364,1695.55,4,8,Delayed,1
SHP100345,2025-07-07,FedEx,Chennai,Thiruvananthapuram,South,Road,Standard,5.12,1088,812.06,5,5,Delivered,0
SHP100346,2025-07-08,FedEx,Chennai,Ahmedabad,West,Road,Express,2.05,298,309.16,3,4,Delivered,0
SHP100347,2025-07-08,UPS,Bengaluru,Ahmedabad,South,Rail,Express,3.28,1590,988.58,8,8,Delivered,0
SHP100348,2025-07-09,DHL,Chennai,Pune,Central,Air,Standard,17.02,2039,1982.82,4,4,Delivered,0
SHP100349,2025-07-09,FedEx,Chennai,Jaipur,North,Road,Standard,4.07,742,677.11,5,6,Delivered,0
SHP100350,2025-07-10,Delhivery,Hyderabad,Pune,North,Road,Express,11.73,1069,877.53,5,7,Delivered,0
SHP100351,2025-07-10,FedEx,Chennai,Ahmedabad,Central,Road,Express,7.59,268,465.09,5,5,Delivered,0
SHP100352,2025-07-11,FedEx,Delhi,Thiruvananthapuram,North,Air,Express,9.75,334,1004.66,4,3,Delivered,0
SHP100353,2025-07-12,DHL,Mumbai,Thiruvananthapuram,North,Road,Standard,10.03,147,576.93,5,11,Delayed,1
SHP100354,2025-07-12,BlueDart,Bengaluru,Lucknow,North,Road,Standard,3.17,695,612.2,5,5,Delivered,0
SHP100355,2025-07-13,FedEx,Bengaluru,Jaipur,West,Road,Standard,11.69,2463,1608.18,6,6,Delivered,0
SHP100356,2025-07-13,UPS,Delhi,Thiruvananthapuram,West,Road,Standard,2.43,953,622.39,6,6,Delivered,0
SHP100357,2025-07-14,BlueDart,Mumbai,Jaipur,East,Road,Express,3.94,2427,1129.76,6,5,Delivered,0
SHP100358,2025-07-14,Delhivery,Mumbai,Pune,South,Rail,Standard,9.93,1705,1216.57,8,9,Delivered,0
SHP100359,2025-07-15,DHL,Delhi,Lucknow,Central,Air,Express,3.0,436,964.28,3,3,Delivered,0
SHP100360,2025-07-15,Delhivery,Kolkata,Ahmedabad,Central,Rail,Standard,1.12,335,544.18,7,13,Delayed,1
SHP100361,2025-07-16,BlueDart,Kolkata,Thiruvananthapuram,Central,Road,Express,8.55,1087,880.43,6,8,Delayed,1
SHP100362,2025-07-16,BlueDart,Mumbai,Thiruvananthapuram,East,Air,High,1.74,2480,1680.71,4,5,Delivered,0
SHP100363,2025-07-17,BlueDart,Kolkata,Kochi,West,Air,Standard,10.55,1835,1760.72,4,5,Delayed,1
SHP100364,2025-07-18,Delhivery,Kolkata,Ahmedabad,East,Road,High,5.39,363,487.01,5,6,Delivered,0
SHP100365,2025-07-18,BlueDart,Kolkata,Thiruvananthapuram,Central,Rail,Standard,8.47,178,615.08,6,6,Delivered,0
SHP100366,2025-07-19,Delhivery,Mumbai,Thiruvananthapuram,South,Road,Standard,8.36,276,506.87,5,5,Delivered,0
SHP100367,2025-07-19,BlueDart,Kolkata,Ahmedabad,North,Rail,Express,11.06,957,918.44,8,8,Delivered,0
SHP100368,2025-07-20,UPS,Bengaluru,Lucknow,West,Road,High,10.12,1948,1383.33,6,7,Delivered,0
SHP100369,2025-07-20,BlueDart,Hyderabad,Jaipur,West,Road,Standard,2.98,1468,913.51,6,7,Delivered,0
SHP100370,2025-07-21,Delhivery,Mumbai,Ahmedabad,East,Air,Standard,5.63,2495,1939.34,4,4,Delivered,0
SHP100371,2025-07-21,FedEx,Delhi,Jaipur,West,Road,Express,8.46,649,692.74,5,6,Delivered,0
SHP100372,2025-07-22,BlueDart,Kolkata,Lucknow,Central,Road,Express,16.25,1145,1269.33,5,6,Delivered,0
SHP100373,2025-07-22,FedEx,Chennai,Lucknow,Central,Air,Standard,10.18,501,1049.71,3,3,Delivered,0
SHP100374,2025-07-23,UPS,Mumbai,Pune,East,Air,Express,15.37,1284,1547.45,4,4,Delivered,0
SHP100375,2025-07-24,DHL,Delhi,Kochi,Central,Road,Standard,8.76,624,811.93,5,6,Delivered,0
SHP100376,2025-07-24,UPS,Hyderabad,Lucknow,South,Road,Standard,13.46,150,674.23,5,5,Delivered,0
SHP100377,2025-07-25,BlueDart,Bengaluru,Lucknow,East,Sea,Standard,8.0,1303,967.72,11,11,Delivered,0
SHP100378,2025-07-25,FedEx,Delhi,Jaipur,South,Sea,Standard,13.11,847,882.22,10,10,Delivered,0
SHP100379,2025-07-26,FedEx,Kolkata,Lucknow,North,Road,High,5.19,2434,1367.87,7,7,Delivered,0
SHP100380,2025-07-26,Delhivery,Chennai,Ahmedabad,South,Road,Standard,17.42,1786,1394.6,5,6,Delivered,0
SHP100381,2025-07-27,FedEx,Kolkata,Pune,North,Road,High,9.43,734,788.16,4,5,Delivered,0
SHP100382,2025-07-27,Delhivery,Delhi,Pune,North,Rail,Standard,2.07,1876,1129.47,8,7,Delivered,0
SHP100383,2025-07-28,DHL,Mumbai,Ahmedabad,South,Air,Express,8.65,300,1036.77,2,2,Delivered,0
SHP100384,2025-07-28,BlueDart,Chennai,Thiruvananthapuram,East,Road,Express,10.2,261,663.77,5,6,Delivered,0
SHP100385,2025-07-29,Delhivery,Chennai,Lucknow,Central,Rail,Express,11.95,386,770.33,6,5,Delivered,0
SHP100386,2025-07-30,DHL,Delhi,Kochi,Central,Road,Express,21.24,1499,1418.37,6,7,Delayed,1
SHP100387,2025-07-30,FedEx,Hyderabad,Lucknow,North,Road,Standard,4.6,1093,846.26,5,5,Delivered,0
SHP100388,2025-07-31,FedEx,Hyderabad,Pune,North,Road,Express,21.33,2131,1735.62,6,6,Delivered,0
SHP100389,2025-07-31,DHL,Kolkata,Kochi,East,Air,Express,6.75,927,1217.16,3,3,Delivered,0
SHP100390,2025-08-01,FedEx,Delhi,Thiruvananthapuram,West,Road,Standard,3.79,883,818.98,4,5,Delivered,0
SHP100391,2025-08-01,DHL,Chennai,Jaipur,South,Road,Express,4.68,294,495.05,4,9,Delayed,1
SHP100392,2025-08-02,Delhivery,Delhi,Jaipur,North,Air,Standard,9.81,1523,1538.88,4,4,Delivered,0
SHP100393,2025-08-02,Delhivery,Chennai,Lucknow,Central,Air,Standard,3.36,180,817.64,2,3,Delivered,0
SHP100394,2025-08-03,DHL,Kolkata,Lucknow,East,Rail,Express,5.26,652,624.72,7,8,Delivered,0
SHP100395,2025-08-03,Delhivery,Mumbai,Kochi,South,Air,Standard,8.51,1412,1613.39,4,5,Delivered,0
SHP100396,2025-08-04,Delhivery,Mumbai,Kochi,East,Road,Express,17.34,737,1047.18,5,10,Delayed,1
SHP100397,2025-08-05,Delhivery,Delhi,Thiruvananthapuram,South,Air,Standard,11.73,1613,1837.38,4,4,Delivered,0
SHP100398,2025-08-05,UPS,Chennai,Lucknow,South,Sea,Standard,6.94,1736,960.43,11,10,Delivered,0
SHP100399,2025-08-06,BlueDart,Mumbai,Pune,North,Air,Standard,9.78,305,1068.8,3,3,Delivered,0
SHP100400,2025-08-06,FedEx,Chennai,Jaipur,East,Road,Standard,7.96,184,458.6,5,4,Delivered,0
SHP100401,2025-08-07,UPS,Kolkata,Thiruvananthapuram,East,Rail,Express,2.63,2077,1101.86,7,14,Delayed,1
SHP100402,2025-08-07,Delhivery,Delhi,Kochi,Central,Rail,Standard,19.24,851,1119.98,7,7,Delivered,0
SHP100403,2025-08-08,DHL,Chennai,Pune,Central,Air,Standard,17.51,508,1353.89,3,4,Delivered,0
SHP100404,2025-08-08,Delhivery,Delhi,Lucknow,North,Rail,Standard,6.39,513,721.05,7,8,Delivered,0
SHP100405,2025-08-09,BlueDart,Chennai,Ahmedabad,North,Road,Standard,4.8,1310,983.38,5,5,Delivered,0
SHP100406,2025-08-09,Delhivery,Hyderabad,Kochi,West,Road,Express,2.68,945,690.85,6,6,Delivered,0
SHP100407,2025-08-10,DHL,Hyderabad,Thiruvananthapuram,Central,Air,Standard,10.19,2495,1970.78,5,5,Delivered,0
SHP100408,2025-08-11,BlueDart,Chennai,Ahmedabad,South,Air,Express,10.23,330,1048.13,3,3,Delivered,0
SHP100409,2025-08-11,Delhivery,Kolkata,Pune,East,Road,High,3.59,935,739.51,5,5,Delivered,0
SHP100410,2025-08-12,BlueDart,Delhi,Jaipur,North,Road,Express,8.02,1273,992.31,6,5,Delivered,0
SHP100411,2025-08-12,FedEx,Bengaluru,Pune,East,Road,Express,11.49,640,806.34,4,6,Delayed,1
SHP100412,2025-08-13,FedEx,Chennai,Jaipur,East,Road,Standard,4.56,1549,1014.38,6,7,Delivered,0
SHP100413,2025-08-13,Delhivery,Chennai,Pune,West,Rail,Standard,5.84,2421,1446.07,9,10,Delivered,0
SHP100414,2025-08-14,BlueDart,Hyderabad,Kochi,Central,Air,High,5.8,998,1223.98,3,4,Delivered,0
SHP100415,2025-08-14,DHL,Mumbai,Kochi,North,Road,Express,3.77,1253,771.79,6,7,Delivered,0
SHP100416,2025-08-15,Delhivery,Hyderabad,Thiruvananthapuram,East,Air,Express,5.92,512,942.0,3,2,Delivered,0
SHP100417,2025-08-15,FedEx,Delhi,Ahmedabad,North,Rail,Express,1.77,2186,1172.3,9,8,Delivered,0
SHP100418,2025-08-16,FedEx,Hyderabad,Pune,South,Road,Standard,5.58,1048,950.43,5,5,Delivered,0
SHP100419,2025-08-17,Delhivery,Bengaluru,Pune,West,Sea,Standard,5.65,915,587.35,10,10,Delivered,0
SHP100420,2025-08-17,BlueDart,Kolkata,Ahmedabad,South,Air,Express,6.44,2326,1889.96,4,4,Delivered,0
SHP100421,2025-08-18,FedEx,Bengaluru,Lucknow,North,Air,Express,9.3,2342,1863.95,4,4,Delivered,0
SHP100422,2025-08-18,BlueDart,Kolkata,Thiruvananthapuram,North,Air,Standard,2.5,977,1087.16,3,4,Delivered,0
SHP100423,2025-08-19,FedEx,Bengaluru,Pune,Central,Air,High,2.91,551,1018.58,3,4,Delivered,0
SHP100424,2025-08-19,FedEx,Hyderabad,Thiruvananthapuram,East,Air,Standard,3.7,326,867.45,4,5,Delivered,0
SHP100425,2025-08-20,UPS,Bengaluru,Pune,East,Sea,Standard,2.29,1070,640.06,11,11,Delivered,0
SHP100426,2025-08-20,FedEx,Hyderabad,Pune,South,Air,Express,10.01,1006,1388.88,4,4,Delivered,0
SHP100427,2025-08-21,DHL,Hyderabad,Lucknow,West,Air,Express,4.41,1271,1257.76,4,6,Delivered,0
SHP100428,2025-08-21,Delhivery,Delhi,Kochi,East,Rail,Standard,6.58,1154,937.9,7,8,Delivered,0
SHP100429,2025-08-22,Delhivery,Hyderabad,Thiruvananthapuram,Central,Road,Standard,3.46,1914,1090.29,6,6,Delivered,0
SHP100430,2025-08-23,BlueDart,Mumbai,Ahmedabad,South,Rail,Standard,5.16,768,570.48,7,6,Delivered,0
SHP100431,2025-08-23,FedEx,Bengaluru,Thiruvananthapuram,South,Air,Express,8.28,1564,1489.37,4,5,Delivered,0
SHP100432,2025-08-24,DHL,Chennai,Lucknow,Central,Road,Standard,8.55,1039,671.81,6,5,Delivered,0
SHP100433,2025-08-24,BlueDart,Chennai,Jaipur,West,Air,Express,3.01,557,963.9,3,4,Delivered,0
SHP100434,2025-08-25,UPS,Chennai,Jaipur,Central,Air,High,6.36,786,1254.92,3,3,Delivered,0
SHP100435,2025-08-25,BlueDart,Mumbai,Lucknow,West,Sea,Express,3.5,1217,649.84,11,12,Delivered,0
SHP100436,2025-08-26,BlueDart,Hyderabad,Lucknow,Central,Air,Standard,6.19,833,1218.93,2,3,Delivered,0
SHP100437,2025-08-26,FedEx,Bengaluru,Kochi,Central,Road,Express,4.14,1739,1073.0,7,7,Delivered,0
SHP100438,2025-08-27,UPS,Kolkata,Thiruvananthapuram,North,Road,Standard,20.0,667,1047.51,6,7,Delivered,0
SHP100439,2025-08-27,BlueDart,Kolkata,Thiruvananthapuram,South,Road,Standard,11.45,1414,1247.84,6,9,Delayed,1
SHP100440,2025-08-28,DHL,Delhi,Jaipur,Central,Rail,Standard,8.8,1572,1102.75,7,8,Delivered,0
SHP100441,2025-08-29,DHL,Mumbai,Ahmedabad,Central,Air,Standard,5.49,1927,1755.74,5,6,Delivered,0
SHP100442,2025-08-29,Delhivery,Bengaluru,Thiruvananthapuram,East,Road,High,11.67,286,559.06,5,5,Delivered,0
SHP100443,2025-08-30,UPS,Hyderabad,Pune,South,Sea,Standard,6.49,2278,1245.6,12,13,Delivered,0
SHP100444,2025-08-30,UPS,Chennai,Pune,East,Road,Standard,18.74,244,871.64,5,6,Delivered,0
SHP100445,2025-08-31,Delhivery,Mumbai,Kochi,South,Sea,High,12.42,2078,1367.36,11,11,Delivered,0
SHP100446,2025-08-31,BlueDart,Mumbai,Kochi,East,Air,Standard,5.13,2164,1753.18,5,5,Delivered,0
SHP100447,2025-09-01,UPS,Bengaluru,Jaipur,Central,Road,Express,17.42,412,1148.35,5,6,Delivered,0
SHP100448,2025-09-01,DHL,Hyderabad,Ahmedabad,Central,Air,Standard,5.51,482,1040.61,2,2,Delivered,0
SHP100449,2025-09-02,DHL,Delhi,Ahmedabad,North,Road,Standard,20.72,493,1051.8,5,6,Delivered,0
SHP100450,2025-09-02,FedEx,Hyderabad,Lucknow,East,Sea,High,18.0,124,651.35,11,13,Delivered,0
SHP100451,2025-09-03,UPS,Delhi,Kochi,West,Air,Standard,8.25,2333,1741.55,5,5,Delivered,0
SHP100452,2025-09-04,BlueDart,Delhi,Thiruvananthapuram,North,Road,Standard,1.83,141,379.7,5,5,Delivered,0
SHP100453,2025-09-04,Delhivery,Chennai,Pune,East,Air,Standard,7.83,947,1240.03,3,3,Delivered,0
SHP100454,2025-09-05,Delhivery,Chennai,Thiruvananthapuram,East,Road,Standard,2.77,1571,1110.75,5,5,Delivered,0
SHP100455,2025-09-05,BlueDart,Bengaluru,Pune,North,Road,Standard,4.24,98,417.61,4,5,Delivered,0
SHP100456,2025-09-06,FedEx,Hyderabad,Jaipur,Central,Sea,Standard,4.48,444,453.75,11,11,Delivered,0
SHP100457,2025-09-06,Delhivery,Delhi,Pune,East,Road,Standard,2.75,1220,807.99,5,4,Delivered,0
SHP100458,2025-09-07,UPS,Bengaluru,Thiruvananthapuram,Central,Road,Express,7.85,659,736.26,6,7,Delayed,1
SHP100459,2025-09-07,FedEx,Delhi,Thiruvananthapuram,North,Air,Standard,3.87,625,967.72,3,10,Delayed,1
SHP100460,2025-09-08,UPS,Mumbai,Ahmedabad,Central,Air,Standard,5.69,1809,1449.25,4,5,Delivered,0
SHP100461,2025-09-08,DHL,Kolkata,Ahmedabad,South,Air,Standard,4.51,2452,1765.61,5,6,Delivered,0
SHP100462,2025-09-09,FedEx,Kolkata,Kochi,West,Air,High,9.33,134,983.56,3,2,Delivered,0
SHP100463,2025-09-10,Delhivery,Delhi,Thiruvananthapuram,East,Rail,High,8.89,857,779.07,7,7,Delivered,0
SHP100464,2025-09-10,FedEx,Bengaluru,Jaipur,West,Road,Express,5.37,121,312.63,5,5,Delivered,0
SHP100465,2025-09-11,FedEx,Chennai,Pune,Central,Road,High,9.64,1400,1024.11,5,5,Delivered,0
SHP100466,2025-09-11,FedEx,Hyderabad,Kochi,East,Air,Standard,14.55,310,1298.3,2,7,Delayed,1
SHP100467,2025-09-12,FedEx,Delhi,Lucknow,Central,Rail,Standard,0.97,532,486.85,5,6,Delivered,0
SHP100468,2025-09-12,UPS,Delhi,Lucknow,South,Road,Express,4.32,1625,1012.74,6,7,Delivered,0
SHP100469,2025-09-13,DHL,Hyderabad,Pune,North,Air,Express,3.2,1461,1387.12,5,4,Delivered,0
SHP100470,2025-09-13,BlueDart,Chennai,Pune,East,Road,Standard,4.03,1547,879.46,5,13,Delayed,1
SHP100471,2025-09-14,FedEx,Delhi,Pune,South,Road,Standard,0.81,1231,667.26,5,5,Delivered,0
SHP100472,2025-09-14,Delhivery,Mumbai,Ahmedabad,South,Air,High,0.93,1296,1225.85,4,3,Delivered,0
SHP100473,2025-09-15,FedEx,Chennai,Pune,East,Road,Express,4.62,960,660.72,4,4,Delivered,0
SHP100474,2025-09-16,Delhivery,Mumbai,Lucknow,Central,Road,Standard,4.53,164,401.43,4,4,Delivered,0
SHP100475,2025-09-16,UPS,Kolkata,Pune,South,Air,Express,15.87,1133,1525.32,4,5,Delivered,0
SHP100476,2025-09-17,Delhivery,Hyderabad,Thiruvananthapuram,West,Sea,Standard,7.43,128,276.05,11,12,Delayed,1
SHP100477,2025-09-17,BlueDart,Chennai,Jaipur,South,Rail,Standard,9.48,1248,1059.05,8,9,Delivered,0
SHP100478,2025-09-18,DHL,Chennai,Lucknow,Central,Road,Standard,49.24,148,1889.73,4,4,Delivered,0
SHP100479,2025-09-18,Delhivery,Bengaluru,Jaipur,Central,Road,Standard,0.98,1781,915.22,5,5,Delivered,0
SHP100480,2025-09-19,Delhivery,Bengaluru,Lucknow,West,Road,Standard,18.94,1678,1384.41,6,6,Delivered,0
SHP100481,2025-09-19,DHL,Hyderabad,Kochi,South,Road,Express,6.52,2274,1189.13,7,7,Delivered,0
SHP100482,2025-09-20,BlueDart,Chennai,Thiruvananthapuram,Central,Road,Standard,4.91,1949,1284.64,7,10,Delayed,1
SHP100483,2025-09-20,FedEx,Kolkata,Lucknow,East,Air,Standard,4.37,1095,1237.54,4,4,Delivered,0
SHP100484,2025-09-21,Delhivery,Delhi,Thiruvananthapuram,North,Road,Standard,8.44,525,628.02,5,5,Delivered,0
SHP100485,2025-09-22,DHL,Hyderabad,Lucknow,North,Rail,Standard,4.94,2348,1298.77,8,7,Delivered,0
SHP100486,2025-09-22,UPS,Hyderabad,Jaipur,North,Road,High,2.68,1481,753.85,8,8,Delivered,0
SHP100487,2025-09-23,DHL,Bengaluru,Jaipur,South,Air,Express,4.49,2222,1750.31,5,7,Delivered,0
SHP100488,2025-09-23,UPS,Kolkata,Lucknow,West,Rail,High,8.6,341,738.43,6,7,Delivered,0
SHP100489,2025-09-24,BlueDart,Hyderabad,Lucknow,Central,Air,High,10.59,1928,1723.85,4,5,Delivered,0
SHP100490,2025-09-24,FedEx,Kolkata,Ahmedabad,East,Air,Standard,20.16,976,1851.88,3,4,Delivered,0
SHP100491,2025-09-25,DHL,Hyderabad,Thiruvananthapuram,East,Air,Standard,7.21,1174,1345.65,2,10,Delayed,1
SHP100492,2025-09-25,Delhivery,Bengaluru,Thiruvananthapuram,South,Road,Express,15.1,2346,1765.19,7,8,Delivered,0
SHP100493,2025-09-26,BlueDart,Delhi,Thiruvananthapuram,North,Rail,High,5.85,1636,1075.83,9,9,Delivered,0
SHP100494,2025-09-26,DHL,Bengaluru,Thiruvananthapuram,South,Road,Express,6.43,171,479.01,4,5,Delivered,0
SHP100495,2025-09-27,Delhivery,Hyderabad,Kochi,West,Air,Express,6.19,206,1043.67,3,3,Delivered,0
SHP100496,2025-09-28,DHL,Kolkata,Kochi,West,Rail,Express,7.81,159,551.49,6,7,Delivered,0
SHP100497,2025-09-28,UPS,Mumbai,Pune,Central,Rail,Standard,11.83,1927,1394.14,8,8,Delivered,0
SHP100498,2025-09-29,DHL,Bengaluru,Lucknow,Central,Rail,Standard,4.79,1062,643.43,7,7,Delivered,0
SHP100499,2025-09-29,DHL,Kolkata,Lucknow,West,Air,Express,3.34,995,1049.28,3,2,Delivered,0
SHP100500,2025-09-30,DHL,Bengaluru,Lucknow,West,Road,Express,12.45,773,935.16,5,5,Delivered,0
SHP100501,2025-09-30,BlueDart,Hyderabad,Lucknow,West,Sea,Standard,11.88,104,626.58,10,18,Delayed,1
SHP100502,2025-10-01,DHL,Kolkata,Thiruvananthapuram,South,Rail,Standard,16.61,235,819.21,8,9,Delivered,0
SHP100503,2025-10-01,Delhivery,Delhi,Thiruvananthapuram,West,Air,Standard,4.25,1892,1519.25,5,6,Delivered,0
SHP100504,2025-10-02,UPS,Kolkata,Kochi,East,Air,Standard,5.7,1633,1369.52,4,4,Delivered,0
SHP100505,2025-10-02,UPS,Chennai,Jaipur,North,Road,High,12.75,2046,1392.47,7,10,Delayed,1
SHP100506,2025-10-03,DHL,Mumbai,Ahmedabad,West,Sea,Standard,4.75,1813,1022.63,11,10,Delivered,0
SHP100507,2025-10-04,BlueDart,Hyderabad,Thiruvananthapuram,North,Road,Standard,10.3,1160,936.85,5,6,Delivered,0
SHP100508,2025-10-04,BlueDart,Kolkata,Thiruvananthapuram,South,Road,Standard,5.86,1708,1017.37,6,7,Delivered,0
SHP100509,2025-10-05,Delhivery,Hyderabad,Thiruvananthapuram,North,Air,Express,8.41,98,936.7,3,4,Delayed,1
SHP100510,2025-10-05,DHL,Bengaluru,Jaipur,South,Road,Standard,2.64,1487,990.41,5,6,Delivered,0
SHP100511,2025-10-06,UPS,Bengaluru,Jaipur,East,Rail,Standard,7.15,1296,1001.05,8,9,Delivered,0
SHP100512,2025-10-06,BlueDart,Kolkata,Kochi,South,Road,Standard,14.36,2364,1652.41,7,7,Delivered,0
SHP100513,2025-10-07,DHL,Chennai,Thiruvananthapuram,South,Rail,Standard,11.2,1490,1177.39,8,15,Delayed,1
SHP100514,2025-10-07,BlueDart,Kolkata,Ahmedabad,Central,Sea,Standard,3.17,356,389.54,10,16,Delayed,1
SHP100515,2025-10-08,BlueDart,Delhi,Lucknow,West,Air,Standard,19.16,824,1581.49,3,6,Delayed,1
SHP100516,2025-10-08,UPS,Chennai,Thiruvananthapuram,West,Road,High,13.81,631,858.16,5,5,Delivered,0
SHP100517,2025-10-09,FedEx,Hyderabad,Kochi,East,Air,Standard,2.74,1256,1296.87,4,5,Delivered,0
SHP100518,2025-10-10,Delhivery,Kolkata,Kochi,East,Rail,Standard,4.52,718,610.42,7,8,Delivered,0
SHP100519,2025-10-10,Delhivery,Hyderabad,Ahmedabad,West,Road,Express,2.87,316,321.36,5,5,Delivered,0
SHP100520,2025-10-11,UPS,Mumbai,Pune,Central,Road,Standard,8.57,1077,1007.61,4,5,Delivered,0
SHP100521,2025-10-11,BlueDart,Chennai,Kochi,West,Rail,Express,4.37,2182,1105.39,8,8,Delivered,0
SHP100522,2025-10-12,DHL,Kolkata,Jaipur,Central,Road,Standard,1.19,2083,1199.22,5,6,Delivered,0
SHP100523,2025-10-12,BlueDart,Mumbai,Jaipur,East,Sea,Standard,6.41,1539,986.95,10,11,Delivered,0
SHP100524,2025-10-13,UPS,Kolkata,Lucknow,North,Road,Express,12.13,2236,1439.44,5,5,Delivered,0
SHP100525,2025-10-13,Delhivery,Delhi,Kochi,East,Air,High,7.25,1287,1404.24,4,4,Delivered,0
SHP100526,2025-10-14,BlueDart,Bengaluru,Lucknow,East,Road,Standard,9.69,1471,1077.88,6,6,Delivered,0
SHP100527,2025-10-14,Delhivery,Hyderabad,Kochi,South,Rail,Standard,7.74,2086,1360.34,7,6,Delivered,0
SHP100528,2025-10-15,DHL,Kolkata,Ahmedabad,South,Road,Standard,10.9,1301,1130.38,6,8,Delivered,0
SHP100529,2025-10-16,Delhivery,Chennai,Thiruvananthapuram,South,Rail,High,8.21,1474,1094.1,8,8,Delivered,0
SHP100530,2025-10-16,Delhivery,Kolkata,Kochi,South,Sea,High,6.16,452,539.21,11,10,Delivered,0
SHP100531,2025-10-17,FedEx,Kolkata,Pune,Central,Air,Standard,7.19,1600,1524.04,4,4,Delivered,0
SHP100532,2025-10-17,FedEx,Kolkata,Jaipur,West,Sea,Standard,17.0,2328,1745.08,12,14,Delivered,0
SHP100533,2025-10-18,FedEx,Kolkata,Ahmedabad,North,Air,Standard,10.06,928,1427.33,4,4,Delivered,0
SHP100534,2025-10-18,Delhivery,Chennai,Thiruvananthapuram,East,Air,Standard,3.16,1425,1296.23,3,3,Delivered,0
SHP100535,2025-10-19,UPS,Chennai,Thiruvananthapuram,Central,Air,Standard,7.11,2402,1923.12,5,6,Delivered,0
SHP100536,2025-10-19,Delhivery,Kolkata,Jaipur,North,Rail,Standard,8.47,2338,1483.65,8,8,Delivered,0
SHP100537,2025-10-20,UPS,Bengaluru,Thiruvananthapuram,Central,Road,Express,6.02,583,599.32,4,4,Delivered,0
SHP100538,2025-10-20,UPS,Kolkata,Lucknow,Central,Air,High,1.2,782,973.16,4,3,Delivered,0
SHP100539,2025-10-21,FedEx,Hyderabad,Ahmedabad,East,Road,High,3.42,2169,1285.44,8,9,Delivered,0
SHP100540,2025-10-22,BlueDart,Hyderabad,Pune,West,Road,Standard,4.95,394,502.85,4,5,Delivered,0
SHP100541,2025-10-22,DHL,Chennai,Jaipur,South,Air,Standard,20.56,2456,2337.65,5,5,Delivered,0
SHP100542,2025-10-23,FedEx,Hyderabad,Kochi,West,Rail,Express,9.34,1120,1047.36,7,7,Delivered,0
SHP100543,2025-10-23,FedEx,Hyderabad,Kochi,East,Rail,Standard,1.78,362,566.33,7,8,Delivered,0
SHP100544,2025-10-24,BlueDart,Delhi,Kochi,East,Road,Express,6.3,337,486.28,6,6,Delivered,0
SHP100545,2025-10-24,DHL,Kolkata,Ahmedabad,East,Sea,Standard,15.34,654,850.1,10,10,Delivered,0
SHP100546,2025-10-25,Delhivery,Kolkata,Pune,North,Road,Standard,4.32,653,597.68,5,6,Delivered,0
SHP100547,2025-10-25,Delhivery,Kolkata,Thiruvananthapuram,West,Sea,Standard,13.06,1122,995.93,10,17,Delayed,1
SHP100548,2025-10-26,FedEx,Kolkata,Pune,West,Road,Standard,1.83,1632,950.34,5,6,Delivered,0
SHP100549,2025-10-26,DHL,Mumbai,Pune,Central,Road,Express,0.39,502,369.01,4,4,Delivered,0
SHP100550,2025-10-27,FedEx,Kolkata,Jaipur,Central,Air,Standard,14.32,1569,1658.59,4,4,Delivered,0
SHP100551,2025-10-28,UPS,Chennai,Ahmedabad,Central,Rail,Standard,4.76,1476,1075.01,8,9,Delivered,0
SHP100552,2025-10-28,FedEx,Chennai,Kochi,East,Road,Standard,5.05,837,735.99,5,5,Delivered,0
SHP100553,2025-10-29,FedEx,Mumbai,Jaipur,West,Air,Express,7.69,1184,1344.06,4,4,Delivered,0
SHP100554,2025-10-29,Delhivery,Kolkata,Thiruvananthapuram,East,Air,Standard,9.13,1654,1647.44,4,7,Delayed,1
SHP100555,2025-10-30,Delhivery,Bengaluru,Pune,North,Road,Standard,0.6,508,540.87,5,5,Delivered,0
SHP100556,2025-10-30,Delhivery,Kolkata,Kochi,Central,Road,Standard,4.06,2101,1137.18,6,6,Delivered,0
SHP100557,2025-10-31,UPS,Chennai,Ahmedabad,East,Road,Standard,7.02,283,538.28,4,4,Delivered,0
SHP100558,2025-10-31,Delhivery,Delhi,Lucknow,East,Rail,Standard,9.11,2323,1349.89,9,9,Delivered,0
SHP100559,2025-11-01,DHL,Hyderabad,Pune,North,Air,Express,3.13,2412,1734.92,4,5,Delivered,0
SHP100560,2025-11-01,BlueDart,Delhi,Pune,South,Road,Standard,5.79,2072,1278.68,5,4,Delivered,0
SHP100561,2025-11-02,DHL,Bengaluru,Pune,West,Air,Standard,4.31,2323,1665.55,4,3,Delivered,0
SHP100562,2025-11-03,DHL,Kolkata,Pune,South,Rail,Express,7.87,386,580.86,6,6,Delivered,0
SHP100563,2025-11-03,Delhivery,Mumbai,Kochi,Central,Rail,Standard,13.99,1767,1425.81,7,7,Delivered,0
SHP100564,2025-11-04,BlueDart,Kolkata,Ahmedabad,East,Road,Standard,5.25,93,428.3,5,6,Delivered,0
SHP100565,2025-11-04,BlueDart,Bengaluru,Jaipur,North,Road,Standard,2.12,1940,981.61,6,8,Delivered,0
SHP100566,2025-11-05,BlueDart,Bengaluru,Kochi,North,Road,Standard,3.89,2041,1187.86,6,7,Delivered,0
SHP100567,2025-11-05,UPS,Hyderabad,Ahmedabad,West,Road,Express,19.04,1160,1315.59,5,5,Delivered,0
SHP100568,2025-11-06,Delhivery,Bengaluru,Jaipur,South,Rail,Express,3.43,802,634.16,7,8,Delivered,0
SHP100569,2025-11-06,BlueDart,Delhi,Pune,West,Road,Express,2.51,859,697.35,5,7,Delayed,1
SHP100570,2025-11-07,UPS,Hyderabad,Ahmedabad,East,Road,Express,5.02,1313,850.84,5,9,Delayed,1
SHP100571,2025-11-07,FedEx,Kolkata,Pune,West,Road,Standard,6.3,608,665.83,4,4,Delivered,0
SHP100572,2025-11-08,FedEx,Kolkata,Ahmedabad,North,Rail,Standard,4.51,877,611.1,7,6,Delivered,0
SHP100573,2025-11-09,UPS,Mumbai,Thiruvananthapuram,North,Road,Standard,1.84,423,304.5,5,5,Delivered,0
SHP100574,2025-11-09,UPS,Bengaluru,Lucknow,Central,Air,Standard,8.39,1382,1533.6,5,5,Delivered,0
SHP100575,2025-11-10,Delhivery,Bengaluru,Pune,Central,Road,High,7.87,288,554.24,5,6,Delivered,0
SHP100576,2025-11-10,Delhivery,Chennai,Pune,East,Rail,Express,10.64,720,790.44,8,8,Delivered,0
SHP100577,2025-11-11,FedEx,Hyderabad,Pune,South,Air,Standard,7.75,1391,1387.66,4,4,Delivered,0
SHP100578,2025-11-11,BlueDart,Chennai,Thiruvananthapuram,West,Air,Standard,18.06,2379,2265.0,6,6,Delivered,0
SHP100579,2025-11-12,FedEx,Hyderabad,Kochi,East,Air,Standard,11.19,2398,1889.68,6,6,Delivered,0
SHP100580,2025-11-12,BlueDart,Delhi,Jaipur,Central,Road,Standard,9.75,2027,1412.84,5,5,Delivered,0
SHP100581,2025-11-13,BlueDart,Hyderabad,Pune,West,Road,Standard,14.32,999,1089.39,5,6,Delivered,0
SHP100582,2025-11-13,Delhivery,Kolkata,Pune,Central,Road,Standard,7.43,1803,1072.97,6,12,Delayed,1
SHP100583,2025-11-14,DHL,Mumbai,Kochi,West,Road,Express,5.88,2124,1269.06,6,6,Delivered,0
SHP100584,2025-11-15,DHL,Hyderabad,Kochi,South,Road,Express,8.33,498,841.48,5,6,Delivered,0
SHP100585,2025-11-15,UPS,Hyderabad,Lucknow,East,Road,Standard,1.14,1829,1067.92,6,6,Delivered,0
SHP100586,2025-11-16,Delhivery,Hyderabad,Ahmedabad,West,Rail,Standard,7.44,1468,976.68,7,7,Delivered,0
SHP100587,2025-11-16,BlueDart,Mumbai,Pune,North,Road,Standard,6.29,1179,926.63,5,4,Delivered,0
SHP100588,2025-11-17,DHL,Bengaluru,Ahmedabad,North,Sea,Express,8.95,2236,1226.41,13,13,Delivered,0
SHP100589,2025-11-17,BlueDart,Mumbai,Kochi,West,Road,Express,13.09,1625,1185.39,6,6,Delivered,0
SHP100590,2025-11-18,DHL,Bengaluru,Kochi,West,Air,High,9.94,1150,1426.37,4,5,Delivered,0
SHP100591,2025-11-18,DHL,Kolkata,Lucknow,West,Road,Standard,3.9,1930,1154.02,6,6,Delivered,0
SHP100592,2025-11-19,DHL,Mumbai,Jaipur,North,Road,Express,11.74,1199,1116.05,6,7,Delivered,0
SHP100593,2025-11-19,Delhivery,Bengaluru,Thiruvananthapuram,North,Road,Standard,18.22,1037,1256.34,5,6,Delivered,0
SHP100594,2025-11-20,FedEx,Kolkata,Thiruvananthapuram,West,Air,Standard,13.31,182,1166.99,2,3,Delivered,0
SHP100595,2025-11-21,BlueDart,Kolkata,Thiruvananthapuram,Central,Air,Standard,2.3,1249,1115.2,3,2,Delivered,0
SHP100596,2025-11-21,Delhivery,Bengaluru,Kochi,Central,Rail,Standard,9.87,1983,1324.43,7,7,Delivered,0
SHP100597,2025-11-22,Delhivery,Bengaluru,Pune,South,Air,Express,2.6,1835,1551.71,4,8,Delayed,1
SHP100598,2025-11-22,Delhivery,Delhi,Lucknow,East,Rail,Standard,5.47,758,704.43,7,7,Delivered,0
SHP100599,2025-11-23,Delhivery,Kolkata,Jaipur,Central,Air,Standard,8.78,2048,1783.87,4,6,Delayed,1
SHP100600,2025-11-23,Delhivery,Bengaluru,Thiruvananthapuram,North,Road,Standard,8.01,1068,907.93,6,7,Delivered,0
SHP100601,2025-11-24,UPS,Kolkata,Lucknow,Central,Road,Standard,13.14,1185,1120.06,5,6,Delivered,0
SHP100602,2025-11-24,BlueDart,Mumbai,Kochi,South,Road,Standard,18.28,1687,1335.96,6,7,Delayed,1
SHP100603,2025-11-25,Delhivery,Chennai,Thiruvananthapuram,South,Road,Standard,9.37,1582,1225.12,5,5,Delivered,0
SHP100604,2025-11-25,BlueDart,Chennai,Jaipur,East,Air,Standard,5.17,1869,1572.68,4,3,Delivered,0
SHP100605,2025-11-26,UPS,Hyderabad,Ahmedabad,Central,Air,Standard,1.2,1265,1249.23,4,4,Delivered,0
SHP100606,2025-11-27,UPS,Bengaluru,Jaipur,North,Road,High,15.28,1011,932.18,6,7,Delivered,0
SHP100607,2025-11-27,BlueDart,Bengaluru,Pune,North,Road,Standard,6.32,1505,1130.61,6,9,Delayed,1
SHP100608,2025-11-28,DHL,Kolkata,Thiruvananthapuram,West,Sea,Standard,6.56,1141,708.19,11,11,Delivered,0
SHP100609,2025-11-28,FedEx,Hyderabad,Thiruvananthapuram,North,Rail,Standard,6.93,2058,1444.01,9,9,Delivered,0
SHP100610,2025-11-29,DHL,Bengaluru,Ahmedabad,East,Rail,Express,9.09,2122,1510.47,8,7,Delivered,0
SHP100611,2025-11-29,DHL,Kolkata,Ahmedabad,East,Rail,Express,9.27,1358,954.26,7,7,Delivered,0
SHP100612,2025-11-30,DHL,Bengaluru,Thiruvananthapuram,North,Road,Standard,5.54,1282,952.91,6,6,Delivered,0
SHP100613,2025-11-30,Delhivery,Kolkata,Pune,North,Air,Standard,6.27,673,1042.1,2,2,Delivered,0
SHP100614,2025-12-01,UPS,Bengaluru,Ahmedabad,West,Sea,Express,4.25,1501,821.66,13,12,Delivered,0
SHP100615,2025-12-01,DHL,Delhi,Kochi,North,Road,Express,3.9,2285,1221.32,6,6,Delivered,0
SHP100616,2025-12-02,UPS,Kolkata,Thiruvananthapuram,West,Road,Express,3.89,1107,800.78,6,13,Delayed,1
SHP100617,2025-12-03,BlueDart,Delhi,Jaipur,West,Air,Express,6.22,2294,1815.24,4,3,Delivered,0
SHP100618,2025-12-03,FedEx,Delhi,Jaipur,North,Road,Express,3.32,1039,638.51,5,5,Delivered,0
SHP100619,2025-12-04,BlueDart,Delhi,Pune,South,Road,Standard,0.36,2321,1197.14,5,5,Delivered,0
SHP100620,2025-12-04,BlueDart,Delhi,Kochi,South,Rail,Standard,5.1,2362,1320.95,9,8,Delivered,0
SHP100621,2025-12-05,Delhivery,Mumbai,Ahmedabad,West,Road,Express,2.42,1253,656.26,6,6,Delivered,0
SHP100622,2025-12-05,FedEx,Hyderabad,Thiruvananthapuram,North,Road,Express,7.27,895,758.16,5,9,Delayed,1
SHP100623,2025-12-06,BlueDart,Chennai,Jaipur,South,Sea,Standard,4.24,483,554.77,9,9,Delivered,0
SHP100624,2025-12-06,BlueDart,Mumbai,Jaipur,North,Air,High,9.16,972,1303.34,3,2,Delivered,0
SHP100625,2025-12-07,FedEx,Bengaluru,Jaipur,North,Road,Standard,2.62,147,197.09,4,5,Delivered,0
SHP100626,2025-12-07,FedEx,Bengaluru,Jaipur,North,Air,Standard,1.43,167,802.91,2,3,Delivered,0
SHP100627,2025-12-08,BlueDart,Hyderabad,Lucknow,Central,Road,Express,6.28,2344,1300.51,7,7,Delivered,0
SHP100628,2025-12-09,FedEx,Chennai,Pune,North,Sea,Standard,4.94,2128,1166.85,12,14,Delivered,0
SHP100629,2025-12-09,BlueDart,Chennai,Ahmedabad,Central,Air,Standard,2.24,1238,1209.6,3,3,Delivered,0
SHP100630,2025-12-10,BlueDart,Chennai,Thiruvananthapuram,West,Rail,Standard,11.19,1800,1417.4,8,7,Delivered,0
SHP100631,2025-12-10,Delhivery,Delhi,Thiruvananthapuram,South,Air,Standard,3.02,1454,1325.33,4,5,Delivered,0
SHP100632,2025-12-11,DHL,Mumbai,Thiruvananthapuram,South,Sea,Standard,3.76,2267,1092.34,12,18,Delayed,1
SHP100633,2025-12-11,BlueDart,Bengaluru,Ahmedabad,South,Rail,Standard,12.59,2260,1499.26,8,9,Delivered,0
SHP100634,2025-12-12,UPS,Mumbai,Pune,South,Rail,Standard,9.52,1723,1122.29,8,9,Delivered,0
SHP100635,2025-12-12,DHL,Mumbai,Kochi,South,Air,High,2.75,257,811.29,3,4,Delivered,0
SHP100636,2025-12-13,DHL,Mumbai,Pune,South,Sea,High,5.28,1461,1006.47,11,12,Delivered,0
SHP100637,2025-12-13,DHL,Chennai,Jaipur,South,Road,Standard,2.52,987,762.57,6,7,Delayed,1
SHP100638,2025-12-14,Delhivery,Hyderabad,Jaipur,West,Road,Express,12.01,665,986.5,5,5,Delivered,0
SHP100639,2025-12-15,BlueDart,Hyderabad,Pune,North,Rail,Standard,12.0,1069,1046.53,7,8,Delivered,0
SHP100640,2025-12-15,Delhivery,Chennai,Pune,East,Air,Standard,19.97,1211,1787.68,3,3,Delivered,0
SHP100641,2025-12-16,BlueDart,Bengaluru,Ahmedabad,Central,Rail,Standard,24.84,2249,1849.58,8,8,Delivered,0
SHP100642,2025-12-16,Delhivery,Bengaluru,Ahmedabad,East,Air,High,4.2,2144,1683.76,5,6,Delivered,0
SHP100643,2025-12-17,Delhivery,Bengaluru,Lucknow,East,Road,High,10.77,1299,1061.09,5,5,Delivered,0
SHP100644,2025-12-17,UPS,Hyderabad,Thiruvananthapuram,North,Road,Standard,1.23,2454,1304.54,6,8,Delivered,0
SHP100645,2025-12-18,Delhivery,Hyderabad,Lucknow,North,Air,Standard,7.66,397,963.3,3,3,Delivered,0
SHP100646,2025-12-18,FedEx,Mumbai,Thiruvananthapuram,North,Air,Standard,8.99,1582,1585.81,4,6,Delivered,0
SHP100647,2025-12-19,UPS,Chennai,Jaipur,South,Air,Standard,3.16,2114,1508.86,5,5,Delivered,0
SHP100648,2025-12-19,Delhivery,Delhi,Lucknow,West,Road,Standard,4.0,2122,1222.87,7,7,Delivered,0
SHP100649,2025-12-20,DHL,Mumbai,Lucknow,South,Road,Standard,12.05,582,857.34,4,5,Delivered,0
SHP100650,2025-12-21,FedEx,Kolkata,Kochi,West,Road,Express,9.14,2102,1241.81,6,7,Delivered,0
SHP100651,2025-12-21,FedEx,Hyderabad,Pune,West,Air,Standard,18.39,198,1207.86,3,2,Delivered,0
SHP100652,2025-12-22,FedEx,Mumbai,Ahmedabad,East,Air,High,17.06,789,1416.58,2,2,Delivered,0
SHP100653,2025-12-22,UPS,Chennai,Lucknow,East,Road,Express,1.58,124,270.21,5,6,Delivered,0
SHP100654,2025-12-23,Delhivery,Kolkata,Ahmedabad,West,Air,Standard,4.53,393,842.2,3,3,Delivered,0
SHP100655,2025-12-23,Delhivery,Mumbai,Thiruvananthapuram,West,Sea,Express,2.89,497,497.71,9,10,Delivered,0
SHP100656,2025-12-24,DHL,Chennai,Lucknow,South,Rail,Express,11.07,1181,1060.79,8,8,Delivered,0
SHP100657,2025-12-24,DHL,Chennai,Thiruvananthapuram,South,Road,Standard,8.19,405,654.11,4,5,Delivered,0
SHP100658,2025-12-25,FedEx,Hyderabad,Lucknow,East,Road,Standard,3.06,1519,804.67,5,5,Delivered,0
SHP100659,2025-12-25,DHL,Delhi,Jaipur,North,Rail,High,3.46,2066,1248.96,8,8,Delivered,0
SHP100660,2025-12-26,UPS,Mumbai,Kochi,West,Air,Standard,14.72,2341,2129.73,3,3,Delivered,0
SHP100661,2025-12-27,Delhivery,Chennai,Thiruvananthapuram,South,Air,Standard,4.93,153,804.26,2,2,Delivered,0
SHP100662,2025-12-27,FedEx,Bengaluru,Pune,East,Air,Standard,1.05,1682,1262.12,5,6,Delivered,0
SHP100663,2025-12-28,DHL,Chennai,Pune,South,Rail,Express,2.83,588,512.19,7,8,Delivered,0
SHP100664,2025-12-28,UPS,Delhi,Jaipur,West,Air,Express,20.8,2459,2295.73,4,3,Delivered,0
SHP100665,2025-12-29,UPS,Chennai,Jaipur,West,Road,High,12.83,767,882.96,6,7,Delivered,0
SHP100666,2025-12-29,DHL,Hyderabad,Pune,Central,Sea,Standard,2.38,736,435.9,10,12,Delivered,0
SHP100667,2025-12-30,Delhivery,Mumbai,Thiruvananthapuram,North,Rail,Standard,7.66,1622,1156.86,8,8,Delivered,0
SHP100668,2025-12-30,DHL,Hyderabad,Pune,Central,Road,Standard,12.32,1372,968.44,5,5,Delivered,0
SHP100669,2025-12-31,FedEx,Mumbai,Kochi,East,Air,Express,1.56,1479,1401.19,4,4,Delivered,0
SHP100670,2025-12-31,DHL,Kolkata,Lucknow,South,Rail,Standard,13.22,1632,1358.35,9,8,Delivered,0
SHP100671,2026-01-01,UPS,Mumbai,Kochi,East,Road,Standard,9.08,1155,970.41,5,6,Delivered,0
SHP100672,2026-01-02,DHL,Kolkata,Pune,West,Air,Standard,3.82,404,911.83,2,2,Delivered,0
SHP100673,2026-01-02,Delhivery,Hyderabad,Lucknow,Central,Air,Standard,10.06,1071,1477.55,4,5,Delivered,0
SHP100674,2026-01-03,BlueDart,Bengaluru,Pune,Central,Sea,High,8.27,2073,1232.34,13,16,Delayed,1
SHP100675,2026-01-03,DHL,Delhi,Kochi,Central,Road,Express,8.65,796,771.63,4,3,Delivered,0
SHP100676,2026-01-04,Delhivery,Bengaluru,Kochi,East,Rail,High,7.47,356,648.27,7,11,Delayed,1
SHP100677,2026-01-04,Delhivery,Kolkata,Thiruvananthapuram,West,Rail,Standard,3.36,231,531.08,7,8,Delivered,0
SHP100678,2026-01-05,UPS,Chennai,Thiruvananthapuram,South,Road,High,3.89,1034,670.79,5,5,Delivered,0
SHP100679,2026-01-05,Delhivery,Chennai,Kochi,South,Road,Express,5.66,1586,1056.98,5,5,Delivered,0
SHP100680,2026-01-06,Delhivery,Bengaluru,Lucknow,East,Road,Standard,6.96,338,468.63,5,7,Delivered,0
SHP100681,2026-01-06,Delhivery,Chennai,Thiruvananthapuram,Central,Road,High,10.46,2451,1579.25,7,14,Delayed,1
SHP100682,2026-01-07,Delhivery,Kolkata,Thiruvananthapuram,North,Road,Standard,21.11,948,1199.21,5,5,Delivered,0
SHP100683,2026-01-08,FedEx,Hyderabad,Ahmedabad,East,Rail,High,7.9,1271,1051.43,7,7,Delivered,0
SHP100684,2026-01-08,FedEx,Delhi,Ahmedabad,East,Road,High,10.34,767,826.01,5,10,Delayed,1
SHP100685,2026-01-09,UPS,Mumbai,Thiruvananthapuram,West,Rail,Express,11.92,389,728.07,5,5,Delivered,0
SHP100686,2026-01-09,DHL,Kolkata,Pune,South,Road,Standard,10.82,1582,1304.86,6,6,Delivered,0
SHP100687,2026-01-10,Delhivery,Kolkata,Lucknow,East,Road,Standard,3.26,552,464.85,6,6,Delivered,0
SHP100688,2026-01-10,DHL,Mumbai,Jaipur,East,Road,Standard,15.59,893,1101.88,5,6,Delivered,0
SHP100689,2026-01-11,DHL,Mumbai,Thiruvananthapuram,Central,Road,Standard,14.08,925,974.72,4,4,Delivered,0
SHP100690,2026-01-11,UPS,Delhi,Ahmedabad,Central,Road,Express,7.4,1244,1023.02,6,7,Delivered,0
SHP100691,2026-01-12,Delhivery,Delhi,Lucknow,North,Air,Express,3.42,746,1177.83,3,4,Delivered,0
SHP100692,2026-01-12,Delhivery,Delhi,Lucknow,West,Road,High,6.88,2389,1385.14,6,7,Delivered,0
SHP100693,2026-01-13,BlueDart,Chennai,Ahmedabad,North,Air,Standard,1.75,1888,1325.37,4,4,Delivered,0
SHP100694,2026-01-14,DHL,Kolkata,Lucknow,Central,Road,Express,16.88,1523,1311.65,6,7,Delivered,0
SHP100695,2026-01-14,DHL,Hyderabad,Lucknow,South,Road,High,4.17,1847,1259.46,6,9,Delayed,1
SHP100696,2026-01-15,FedEx,Mumbai,Ahmedabad,Central,Road,Express,5.45,1344,877.43,6,7,Delivered,0
SHP100697,2026-01-15,BlueDart,Kolkata,Kochi,West,Sea,Standard,16.14,434,922.73,12,14,Delivered,0
SHP100698,2026-01-16,FedEx,Kolkata,Thiruvananthapuram,Central,Road,Standard,14.94,1952,1435.48,5,9,Delayed,1
SHP100699,2026-01-16,FedEx,Delhi,Pune,West,Road,Standard,8.49,2104,1291.19,7,8,Delivered,0
SHP100700,2026-01-17,FedEx,Delhi,Jaipur,West,Road,Express,18.48,259,934.68,5,5,Delivered,0
SHP100701,2026-01-17,UPS,Kolkata,Pune,West,Road,Express,3.17,145,388.49,5,5,Delivered,0
SHP100702,2026-01-18,UPS,Delhi,Kochi,West,Air,High,8.49,899,1338.91,4,4,Delivered,0
SHP100703,2026-01-18,FedEx,Chennai,Kochi,West,Air,Standard,3.2,1451,1342.16,4,5,Delivered,0
SHP100704,2026-01-19,BlueDart,Mumbai,Lucknow,South,Road,Standard,13.54,250,790.69,5,9,Delayed,1
SHP100705,2026-01-20,DHL,Kolkata,Pune,North,Road,Express,13.24,1470,1288.39,5,5,Delivered,0
SHP100706,2026-01-20,BlueDart,Mumbai,Kochi,East,Air,Express,19.29,1210,1835.91,3,3,Delivered,0
SHP100707,2026-01-21,Delhivery,Chennai,Pune,North,Air,High,6.73,914,1185.59,4,4,Delivered,0
SHP100708,2026-01-21,UPS,Delhi,Kochi,West,Air,Express,22.65,306,1555.67,2,2,Delivered,0
SHP100709,2026-01-22,DHL,Bengaluru,Jaipur,South,Sea,Standard,2.98,521,377.69,11,12,Delivered,0
SHP100710,2026-01-22,DHL,Chennai,Kochi,Central,Road,Express,6.48,807,715.3,5,5,Delivered,0
SHP100711,2026-01-23,Delhivery,Bengaluru,Pune,South,Road,Express,3.07,1684,973.09,5,4,Delivered,0
SHP100712,2026-01-23,Delhivery,Mumbai,Lucknow,West,Air,Standard,7.72,2211,1735.79,4,5,Delivered,0
SHP100713,2026-01-24,FedEx,Kolkata,Pune,South,Road,Standard,3.29,1116,632.51,6,7,Delivered,0
SHP100714,2026-01-24,UPS,Delhi,Ahmedabad,South,Air,Standard,13.56,1912,1952.62,4,5,Delivered,0
SHP100715,2026-01-25,UPS,Chennai,Pune,West,Air,Standard,9.28,1928,1687.56,3,5,Delivered,0
SHP100716,2026-01-26,BlueDart,Delhi,Jaipur,South,Road,Express,2.78,572,490.32,6,5,Delivered,0
SHP100717,2026-01-26,FedEx,Bengaluru,Thiruvananthapuram,East,Air,Standard,11.59,1628,1633.49,4,5,Delivered,0
SHP100718,2026-01-27,FedEx,Bengaluru,Jaipur,East,Air,Standard,17.67,1223,1691.13,4,4,Delivered,0
SHP100719,2026-01-27,FedEx,Hyderabad,Jaipur,South,Air,Standard,9.88,1049,1351.33,3,6,Delayed,1
SHP100720,2026-01-28,FedEx,Kolkata,Kochi,Central,Air,Standard,2.14,2480,1829.62,5,5,Delivered,0
SHP100721,2026-01-28,UPS,Bengaluru,Jaipur,West,Air,Standard,6.05,2167,1692.4,5,9,Delayed,1
SHP100722,2026-01-29,UPS,Kolkata,Pune,East,Road,Express,10.72,719,945.04,5,6,Delivered,0
SHP100723,2026-01-29,FedEx,Hyderabad,Thiruvananthapuram,Central,Rail,Standard,5.64,252,546.07,8,11,Delayed,1
SHP100724,2026-01-30,BlueDart,Chennai,Lucknow,South,Road,Standard,2.95,1650,934.19,6,6,Delivered,0
SHP100725,2026-01-30,DHL,Hyderabad,Jaipur,Central,Road,Standard,14.56,338,810.27,4,8,Delayed,1
SHP100726,2026-01-31,DHL,Kolkata,Pune,North,Air,Standard,5.47,596,1091.71,4,4,Delivered,0
SHP100727,2026-02-01,BlueDart,Bengaluru,Kochi,East,Sea,Standard,17.67,602,977.19,11,16,Delayed,1
SHP100728,2026-02-01,FedEx,Mumbai,Kochi,South,Road,Standard,4.55,1997,1230.17,7,13,Delayed,1
SHP100729,2026-02-02,UPS,Kolkata,Lucknow,West,Air,High,5.23,2244,1752.9,4,5,Delivered,0
SHP100730,2026-02-02,DHL,Delhi,Lucknow,South,Road,Express,4.29,2311,1221.09,6,7,Delivered,0
SHP100731,2026-02-03,Delhivery,Mumbai,Pune,West,Air,Standard,5.97,2009,1709.68,4,4,Delivered,0
SHP100732,2026-02-03,Delhivery,Kolkata,Lucknow,South,Road,Standard,9.18,1219,969.18,6,10,Delayed,1
SHP100733,2026-02-04,BlueDart,Delhi,Lucknow,Central,Road,High,3.08,2289,1044.7,6,6,Delivered,0
SHP100734,2026-02-04,FedEx,Hyderabad,Kochi,Central,Rail,Express,2.62,918,676.72,7,6,Delivered,0
SHP100735,2026-02-05,DHL,Mumbai,Pune,Central,Road,Standard,1.53,1169,668.55,6,6,Delivered,0
SHP100736,2026-02-05,FedEx,Kolkata,Thiruvananthapuram,North,Road,Express,1.36,1173,684.09,5,7,Delivered,0
SHP100737,2026-02-06,DHL,Chennai,Lucknow,West,Sea,Express,2.16,2049,1030.12,12,15,Delayed,1
SHP100738,2026-02-07,BlueDart,Hyderabad,Pune,Central,Air,Express,4.53,1654,1360.88,4,5,Delivered,0
SHP100739,2026-02-07,BlueDart,Delhi,Jaipur,North,Air,Standard,7.62,1660,1580.77,4,4,Delivered,0
SHP100740,2026-02-08,Delhivery,Chennai,Kochi,West,Road,Standard,8.84,2453,1470.97,7,12,Delayed,1
SHP100741,2026-02-08,FedEx,Bengaluru,Thiruvananthapuram,South,Road,Standard,7.38,1194,856.23,6,7,Delivered,0
SHP100742,2026-02-09,Delhivery,Hyderabad,Kochi,North,Road,High,16.42,829,1056.86,5,5,Delivered,0
SHP100743,2026-02-09,FedEx,Hyderabad,Kochi,East,Sea,Express,19.75,1173,1106.35,11,11,Delivered,0
SHP100744,2026-02-10,Delhivery,Kolkata,Ahmedabad,North,Road,Standard,5.48,1269,893.63,5,6,Delivered,0
SHP100745,2026-02-10,UPS,Kolkata,Pune,North,Road,High,3.12,2341,1296.0,6,7,Delivered,0
SHP100746,2026-02-11,UPS,Delhi,Jaipur,West,Road,High,23.52,1955,1775.11,5,12,Delayed,1
SHP100747,2026-02-11,UPS,Hyderabad,Lucknow,South,Rail,High,14.24,1867,1475.04,8,8,Delivered,0
SHP100748,2026-02-12,UPS,Kolkata,Jaipur,East,Sea,Express,13.58,2496,1664.45,12,12,Delivered,0
SHP100749,2026-02-13,DHL,Bengaluru,Pune,Central,Rail,High,4.39,1687,1023.33,8,9,Delivered,0
SHP100750,2026-02-13,UPS,Kolkata,Kochi,Central,Air,Standard,11.78,128,1137.4,3,3,Delivered,0
SHP100751,2026-02-14,BlueDart,Hyderabad,Ahmedabad,North,Road,Express,7.42,1155,896.58,4,4,Delivered,0
SHP100752,2026-02-14,BlueDart,Mumbai,Pune,West,Air,Express,6.39,1392,1370.16,2,2,Delivered,0
SHP100753,2026-02-15,DHL,Chennai,Thiruvananthapuram,West,Air,Standard,6.38,1729,1532.85,3,4,Delivered,0
SHP100754,2026-02-15,UPS,Hyderabad,Thiruvananthapuram,Central,Air,Standard,9.46,2260,1900.61,5,5,Delivered,0
SHP100755,2026-02-16,UPS,Bengaluru,Pune,East,Road,High,16.75,1269,1324.94,6,7,Delivered,0
SHP100756,2026-02-16,UPS,Hyderabad,Lucknow,South,Road,Standard,24.73,1477,1591.8,5,6,Delivered,0
SHP100757,2026-02-17,Delhivery,Bengaluru,Jaipur,East,Air,Express,4.98,2500,1792.2,5,5,Delivered,0
SHP100758,2026-02-17,FedEx,Hyderabad,Jaipur,South,Road,Standard,7.71,1908,1329.18,6,6,Delivered,0
SHP100759,2026-02-18,Delhivery,Chennai,Lucknow,Central,Road,Standard,6.27,558,514.56,5,4,Delivered,0
SHP100760,2026-02-19,FedEx,Chennai,Ahmedabad,South,Road,Standard,9.05,911,805.52,5,5,Delivered,0
SHP100761,2026-02-19,UPS,Bengaluru,Kochi,West,Air,Standard,5.73,1694,1587.33,3,4,Delivered,0
SHP100762,2026-02-20,UPS,Hyderabad,Kochi,North,Road,Express,4.01,761,751.59,5,12,Delayed,1
SHP100763,2026-02-20,Delhivery,Chennai,Thiruvananthapuram,North,Rail,Standard,4.99,1403,962.59,8,8,Delivered,0
SHP100764,2026-02-21,Delhivery,Delhi,Ahmedabad,Central,Air,Standard,4.44,161,857.19,3,3,Delivered,0
SHP100765,2026-02-21,FedEx,Hyderabad,Lucknow,West,Air,Standard,6.06,166,873.28,3,3,Delivered,0
SHP100766,2026-02-22,BlueDart,Chennai,Pune,East,Road,Standard,2.3,2352,1279.8,7,7,Delivered,0
SHP100767,2026-02-22,FedEx,Mumbai,Jaipur,West,Sea,Standard,4.5,2143,1153.12,11,12,Delivered,0
SHP100768,2026-02-23,Delhivery,Mumbai,Pune,North,Road,Express,8.99,901,793.28,7,6,Delivered,0
SHP100769,2026-02-23,Delhivery,Delhi,Jaipur,North,Road,Standard,8.94,242,546.09,5,5,Delivered,0
SHP100770,2026-02-24,DHL,Chennai,Pune,West,Road,Standard,8.02,2477,1416.26,7,6,Delivered,0
SHP100771,2026-02-25,Delhivery,Mumbai,Lucknow,West,Road,Standard,15.84,2012,1532.87,6,6,Delivered,0
SHP100772,2026-02-25,DHL,Hyderabad,Lucknow,North,Air,Standard,9.23,1930,1747.29,5,6,Delivered,0
SHP100773,2026-02-26,BlueDart,Kolkata,Ahmedabad,East,Road,Standard,15.52,1940,1605.85,5,11,Delayed,1
SHP100774,2026-02-26,FedEx,Chennai,Pune,Central,Sea,Standard,24.74,1195,1351.76,11,11,Delivered,0
SHP100775,2026-02-27,FedEx,Delhi,Pune,Central,Road,Express,11.97,2308,1519.75,5,6,Delivered,0
SHP100776,2026-02-27,DHL,Chennai,Ahmedabad,West,Rail,High,2.31,1962,1166.1,9,9,Delivered,0
SHP100777,2026-02-28,FedEx,Bengaluru,Ahmedabad,Central,Road,Express,8.24,1002,990.88,5,6,Delivered,0
SHP100778,2026-02-28,Delhivery,Bengaluru,Lucknow,North,Air,Standard,7.43,2255,1848.09,5,5,Delivered,0
SHP100779,2026-03-01,UPS,Mumbai,Lucknow,North,Sea,Standard,17.65,1529,1289.23,12,12,Delivered,0
SHP100780,2026-03-01,DHL,Bengaluru,Thiruvananthapuram,West,Air,Standard,6.21,1662,1493.65,4,4,Delivered,0
SHP100781,2026-03-02,FedEx,Delhi,Pune,West,Road,Express,3.59,644,436.35,6,6,Delivered,0
SHP100782,2026-03-03,DHL,Mumbai,Lucknow,West,Air,High,4.71,550,946.78,4,4,Delivered,0
SHP100783,2026-03-03,DHL,Delhi,Lucknow,East,Air,Standard,2.38,1067,1161.41,3,2,Delivered,0
SHP100784,2026-03-04,UPS,Hyderabad,Pune,Central,Road,Standard,0.35,2014,1024.41,7,6,Delivered,0
SHP100785,2026-03-04,Delhivery,Delhi,Ahmedabad,West,Air,Express,22.29,303,1514.18,2,3,Delivered,0
SHP100786,2026-03-05,DHL,Bengaluru,Pune,South,Road,Express,6.82,2281,1342.6,6,7,Delayed,1
SHP100787,2026-03-05,FedEx,Hyderabad,Kochi,South,Road,Express,2.58,430,392.34,6,6,Delivered,0
SHP100788,2026-03-06,BlueDart,Bengaluru,Pune,North,Air,Express,18.66,2008,2094.37,4,11,Delayed,1
SHP100789,2026-03-06,DHL,Delhi,Kochi,Central,Air,High,20.65,428,1645.93,2,2,Delivered,0
SHP100790,2026-03-07,DHL,Bengaluru,Pune,West,Road,Standard,7.61,261,510.93,6,7,Delivered,0
SHP100791,2026-03-07,UPS,Bengaluru,Kochi,South,Road,High,2.2,716,560.84,5,12,Delayed,1
SHP100792,2026-03-08,Delhivery,Bengaluru,Kochi,Central,Road,High,4.79,1097,853.3,6,6,Delivered,0
SHP100793,2026-03-09,BlueDart,Chennai,Pune,North,Road,Express,5.74,2306,1292.19,6,6,Delivered,0
SHP100794,2026-03-09,FedEx,Hyderabad,Thiruvananthapuram,East,Rail,Standard,6.99,851,850.19,7,8,Delivered,0
SHP100795,2026-03-10,BlueDart,Hyderabad,Lucknow,Central,Road,Standard,2.86,1095,620.89,6,6,Delivered,0
SHP100796,2026-03-10,FedEx,Hyderabad,Jaipur,Central,Road,Standard,12.61,2191,1475.2,6,5,Delivered,0
SHP100797,2026-03-11,Delhivery,Delhi,Lucknow,East,Road,Standard,0.95,108,233.97,4,3,Delivered,0
SHP100798,2026-03-11,FedEx,Kolkata,Kochi,Central,Air,Express,13.95,2499,2136.56,4,5,Delivered,0
SHP100799,2026-03-12,UPS,Delhi,Pune,North,Road,Standard,15.86,2224,1483.6,6,7,Delivered,0
SHP100800,2026-03-12,UPS,Hyderabad,Pune,North,Rail,Standard,5.15,1973,1268.15,9,10,Delayed,1
SHP100801,2026-03-13,UPS,Mumbai,Pune,East,Road,Express,6.43,1545,1063.66,5,6,Delivered,0
SHP100802,2026-03-13,UPS,Bengaluru,Pune,West,Rail,Standard,17.12,1306,1354.96,9,10,Delivered,0
SHP100803,2026-03-14,BlueDart,Bengaluru,Thiruvananthapuram,South,Rail,Standard,10.46,2148,1529.79,7,7,Delivered,0
SHP100804,2026-03-15,Delhivery,Kolkata,Jaipur,West,Rail,Standard,5.29,1205,803.54,7,7,Delivered,0
SHP100805,2026-03-15,FedEx,Mumbai,Ahmedabad,Central,Sea,Express,5.76,145,170.62,10,11,Delivered,0
SHP100806,2026-03-16,FedEx,Chennai,Kochi,South,Road,Standard,9.5,1214,1074.13,5,10,Delayed,1
SHP100807,2026-03-16,UPS,Delhi,Jaipur,East,Road,Express,21.04,417,1008.37,6,6,Delivered,0
SHP100808,2026-03-17,UPS,Chennai,Lucknow,East,Road,Standard,5.9,2250,1234.48,6,7,Delivered,0
SHP100809,2026-03-17,DHL,Mumbai,Ahmedabad,South,Road,High,5.17,1808,1145.14,6,8,Delivered,0
SHP100810,2026-03-18,Delhivery,Kolkata,Ahmedabad,North,Road,Standard,6.95,526,795.77,5,7,Delivered,0
SHP100811,2026-03-18,BlueDart,Mumbai,Pune,South,Road,Standard,6.98,360,546.94,5,5,Delivered,0
SHP100812,2026-03-19,FedEx,Kolkata,Jaipur,Central,Road,Standard,8.4,675,798.88,5,5,Delivered,0
SHP100813,2026-03-19,DHL,Chennai,Lucknow,North,Road,Standard,6.45,2066,1184.99,6,7,Delivered,0
SHP100814,2026-03-20,DHL,Chennai,Pune,East,Air,Standard,14.48,1154,1459.97,3,5,Delivered,0
SHP100815,2026-03-21,FedEx,Mumbai,Pune,South,Road,Standard,3.37,289,473.2,5,6,Delivered,0
SHP100816,2026-03-21,BlueDart,Mumbai,Thiruvananthapuram,West,Air,Standard,9.04,205,1043.61,2,2,Delivered,0
SHP100817,2026-03-22,DHL,Bengaluru,Kochi,West,Rail,Standard,9.28,571,684.18,7,6,Delivered,0
SHP100818,2026-03-22,DHL,Kolkata,Ahmedabad,Central,Road,Standard,3.62,1049,855.86,4,4,Delivered,0
SHP100819,2026-03-23,Delhivery,Bengaluru,Lucknow,West,Air,Standard,8.98,660,1071.05,3,3,Delivered,0
SHP100820,2026-03-23,BlueDart,Delhi,Ahmedabad,South,Air,Express,9.44,2385,1847.68,5,6,Delivered,0
SHP100821,2026-03-24,DHL,Delhi,Jaipur,South,Road,High,0.59,1291,703.1,5,9,Delayed,1
SHP100822,2026-03-24,BlueDart,Mumbai,Kochi,West,Road,Standard,3.12,309,384.67,4,6,Delayed,1
SHP100823,2026-03-25,FedEx,Chennai,Pune,South,Road,Standard,18.03,268,972.09,4,4,Delivered,0
SHP100824,2026-03-25,UPS,Delhi,Kochi,Central,Air,High,4.33,2137,1669.54,4,4,Delivered,0
SHP100825,2026-03-26,DHL,Delhi,Pune,North,Road,Standard,2.57,581,492.75,5,7,Delivered,0
SHP100826,2026-03-27,Delhivery,Bengaluru,Kochi,Central,Road,High,1.31,2212,1062.06,7,8,Delivered,0
SHP100827,2026-03-27,FedEx,Bengaluru,Pune,Central,Road,Standard,2.89,128,402.3,4,5,Delivered,0
SHP100828,2026-03-28,BlueDart,Delhi,Ahmedabad,South,Road,Express,6.25,768,623.0,5,5,Delivered,0
SHP100829,2026-03-28,FedEx,Mumbai,Ahmedabad,North,Road,Standard,2.42,466,363.94,5,6,Delivered,0
SHP100830,2026-03-29,DHL,Bengaluru,Ahmedabad,South,Air,High,10.55,1049,1380.16,3,8,Delayed,1
SHP100831,2026-03-29,BlueDart,Delhi,Ahmedabad,East,Sea,Standard,3.57,1085,681.36,11,12,Delivered,0
SHP100832,2026-03-30,UPS,Chennai,Kochi,South,Road,Express,8.45,2345,1384.89,7,8,Delivered,0
SHP100833,2026-03-30,FedEx,Bengaluru,Pune,South,Road,Standard,16.42,1804,1512.61,7,7,Delivered,0
SHP100834,2026-03-31,DHL,Delhi,Ahmedabad,South,Air,Standard,15.77,2084,1990.11,4,4,Delivered,0
SHP100835,2026-03-31,Delhivery,Kolkata,Kochi,North,Road,Express,8.35,2382,1521.33,6,5,Delivered,0
SHP100836,2026-04-01,BlueDart,Bengaluru,Pune,South,Air,Standard,2.73,2363,1745.18,5,6,Delivered,0
SHP100837,2026-04-02,FedEx,Kolkata,Kochi,North,Road,High,6.56,1687,1223.86,5,11,Delayed,1
SHP100838,2026-04-02,FedEx,Bengaluru,Thiruvananthapuram,West,Sea,Standard,8.54,1869,1127.3,12,13,Delivered,0
SHP100839,2026-04-03,UPS,Bengaluru,Ahmedabad,East,Road,Express,27.61,350,1269.6,5,4,Delivered,0
SHP100840,2026-04-03,UPS,Hyderabad,Jaipur,North,Air,Standard,1.29,202,631.04,3,4,Delivered,0
SHP100841,2026-04-04,Delhivery,Hyderabad,Kochi,West,Air,High,6.58,1360,1614.18,3,4,Delivered,0
SHP100842,2026-04-04,Delhivery,Kolkata,Ahmedabad,North,Road,High,10.3,1524,1205.26,6,7,Delivered,0
SHP100843,2026-04-05,DHL,Mumbai,Lucknow,North,Air,Standard,7.34,338,986.1,1,1,Delivered,0
SHP100844,2026-04-05,DHL,Delhi,Pune,East,Air,High,7.91,1027,1296.32,4,5,Delivered,0
SHP100845,2026-04-06,Delhivery,Mumbai,Thiruvananthapuram,Central,Rail,Express,3.74,2174,1195.47,8,9,Delivered,0
SHP100846,2026-04-06,Delhivery,Mumbai,Ahmedabad,Central,Road,Standard,12.47,942,1103.48,6,6,Delivered,0
SHP100847,2026-04-07,BlueDart,Hyderabad,Lucknow,North,Air,Express,6.98,604,1169.94,3,4,Delivered,0
SHP100848,2026-04-08,UPS,Delhi,Kochi,South,Sea,Standard,7.89,967,727.59,12,19,Delayed,1
SHP100849,2026-04-08,DHL,Hyderabad,Kochi,West,Air,Express,13.33,287,1090.38,3,3,Delivered,0
SHP100850,2026-04-09,UPS,Hyderabad,Lucknow,South,Sea,Standard,5.41,228,452.61,10,11,Delayed,1
SHP100851,2026-04-09,UPS,Hyderabad,Thiruvananthapuram,South,Road,Standard,15.23,517,943.2,4,4,Delivered,0
SHP100852,2026-04-10,Delhivery,Chennai,Lucknow,North,Rail,Standard,2.35,2282,1263.09,8,9,Delivered,0
SHP100853,2026-04-10,BlueDart,Mumbai,Pune,North,Road,Standard,8.2,1801,1192.96,5,4,Delivered,0
SHP100854,2026-04-11,FedEx,Mumbai,Kochi,North,Rail,Express,3.56,437,456.49,6,6,Delivered,0
SHP100855,2026-04-11,BlueDart,Mumbai,Lucknow,North,Sea,High,2.85,1320,863.57,11,10,Delivered,0
SHP100856,2026-04-12,BlueDart,Chennai,Jaipur,Central,Air,Standard,20.89,2010,2267.16,4,8,Delayed,1
SHP100857,2026-04-12,UPS,Bengaluru,Jaipur,North,Sea,Standard,2.46,535,448.23,10,11,Delivered,0
SHP100858,2026-04-13,BlueDart,Kolkata,Lucknow,Central,Road,Express,7.08,1712,1193.49,6,5,Delivered,0
SHP100859,2026-04-14,DHL,Kolkata,Pune,Central,Road,Standard,2.29,708,567.17,5,5,Delivered,0
SHP100860,2026-04-14,UPS,Chennai,Kochi,North,Road,Standard,14.63,565,789.56,4,4,Delivered,0
SHP100861,2026-04-15,DHL,Mumbai,Jaipur,East,Road,Standard,5.02,279,389.24,4,4,Delivered,0
SHP100862,2026-04-15,FedEx,Kolkata,Lucknow,West,Air,Standard,13.29,450,1324.51,3,2,Delivered,0
SHP100863,2026-04-16,UPS,Chennai,Lucknow,South,Road,Standard,10.07,1093,1050.46,6,6,Delivered,0
SHP100864,2026-04-16,FedEx,Hyderabad,Ahmedabad,Central,Road,Express,25.1,2062,1923.03,5,5,Delivered,0
SHP100865,2026-04-17,UPS,Delhi,Lucknow,West,Rail,Standard,1.91,1551,916.76,7,7,Delivered,0
SHP100866,2026-04-17,Delhivery,Kolkata,Pune,East,Rail,Express,3.1,327,492.93,7,8,Delivered,0
SHP100867,2026-04-18,BlueDart,Delhi,Jaipur,South,Road,Standard,12.83,867,950.63,5,5,Delivered,0
SHP100868,2026-04-18,Delhivery,Mumbai,Ahmedabad,South,Road,Standard,8.48,2391,1499.08,6,7,Delivered,0
SHP100869,2026-04-19,FedEx,Kolkata,Jaipur,Central,Air,Express,5.7,2158,1704.43,5,6,Delayed,1
SHP100870,2026-04-20,BlueDart,Chennai,Jaipur,North,Air,Standard,22.25,1601,1940.45,4,3,Delivered,0
SHP100871,2026-04-20,UPS,Bengaluru,Pune,East,Air,Standard,6.74,1352,1474.04,3,4,Delivered,0
SHP100872,2026-04-21,BlueDart,Kolkata,Lucknow,Central,Road,Express,3.67,684,673.98,5,5,Delivered,0
SHP100873,2026-04-21,DHL,Kolkata,Pune,East,Air,Standard,13.39,1769,1974.64,5,4,Delivered,0
SHP100874,2026-04-22,BlueDart,Kolkata,Lucknow,North,Sea,Express,6.9,1497,968.02,12,20,Delayed,1
SHP100875,2026-04-22,DHL,Kolkata,Ahmedabad,North,Road,Standard,7.28,1900,1137.61,6,6,Delivered,0
SHP100876,2026-04-23,BlueDart,Chennai,Pune,Central,Road,Express,10.64,581,741.51,5,11,Delayed,1
SHP100877,2026-04-23,DHL,Chennai,Pune,North,Road,Standard,10.91,628,783.37,5,7,Delayed,1
SHP100878,2026-04-24,FedEx,Bengaluru,Thiruvananthapuram,West,Air,Standard,3.06,1445,1345.21,4,5,Delivered,0
SHP100879,2026-04-24,Delhivery,Chennai,Kochi,South,Road,High,5.47,918,773.56,5,6,Delivered,0
SHP100880,2026-04-25,UPS,Chennai,Pune,Central,Road,Express,2.12,1510,907.45,6,6,Delivered,0
SHP100881,2026-04-26,BlueDart,Mumbai,Thiruvananthapuram,East,Road,Standard,8.56,1528,1150.08,6,6,Delivered,0
SHP100882,2026-04-26,Delhivery,Mumbai,Kochi,West,Road,Standard,20.66,927,1244.28,5,5,Delivered,0
SHP100883,2026-04-27,UPS,Delhi,Lucknow,Central,Sea,Standard,3.17,693,336.73,10,9,Delivered,0
SHP100884,2026-04-27,UPS,Bengaluru,Lucknow,North,Rail,Express,1.78,491,459.08,7,8,Delivered,0
SHP100885,2026-04-28,DHL,Mumbai,Lucknow,North,Road,Express,4.15,757,636.81,5,5,Delivered,0
SHP100886,2026-04-28,FedEx,Bengaluru,Thiruvananthapuram,North,Road,Express,5.67,238,499.92,4,3,Delivered,0
SHP100887,2026-04-29,FedEx,Bengaluru,Thiruvananthapuram,North,Road,Standard,10.98,2141,1405.28,7,13,Delayed,1
SHP100888,2026-04-29,Delhivery,Kolkata,Kochi,East,Air,Express,5.24,452,1003.17,3,3,Delivered,0
SHP100889,2026-04-30,FedEx,Hyderabad,Lucknow,West,Road,Standard,8.67,2352,1484.22,6,8,Delayed,1
SHP100890,2026-04-30,BlueDart,Hyderabad,Jaipur,South,Air,Standard,4.63,1176,1260.88,5,4,Delivered,0
SHP100891,2026-05-01,FedEx,Hyderabad,Pune,East,Road,Standard,5.9,682,702.55,4,4,Delivered,0
SHP100892,2026-05-02,Delhivery,Bengaluru,Thiruvananthapuram,East,Road,High,3.57,295,423.05,5,5,Delivered,0
SHP100893,2026-05-02,FedEx,Kolkata,Thiruvananthapuram,South,Air,Express,2.72,2076,1599.93,3,3,Delivered,0
SHP100894,2026-05-03,BlueDart,Delhi,Thiruvananthapuram,South,Sea,Standard,11.24,1644,945.57,12,11,Delivered,0
SHP100895,2026-05-03,DHL,Delhi,Kochi,North,Sea,Express,4.88,1920,982.49,11,11,Delivered,0
SHP100896,2026-05-04,Delhivery,Hyderabad,Lucknow,East,Road,High,9.1,2042,1248.96,6,14,Delayed,1
SHP100897,2026-05-04,DHL,Delhi,Jaipur,Central,Road,Standard,3.53,806,646.62,5,5,Delivered,0
SHP100898,2026-05-05,DHL,Kolkata,Pune,South,Rail,Standard,6.77,1324,1041.74,8,7,Delivered,0
SHP100899,2026-05-05,DHL,Hyderabad,Pune,South,Air,High,0.97,1145,1133.65,3,2,Delivered,0
SHP100900,2026-05-06,UPS,Kolkata,Lucknow,West,Rail,Express,5.16,755,721.6,7,7,Delivered,0
SHP100901,2026-05-06,UPS,Delhi,Jaipur,Central,Air,Standard,3.83,362,949.98,2,1,Delivered,0
SHP100902,2026-05-07,DHL,Hyderabad,Kochi,Central,Rail,Standard,14.26,1161,1133.73,8,9,Delivered,0
SHP100903,2026-05-08,Delhivery,Kolkata,Thiruvananthapuram,South,Air,Standard,2.38,1988,1581.3,3,7,Delayed,1
SHP100904,2026-05-08,BlueDart,Chennai,Thiruvananthapuram,North,Rail,Standard,6.08,1232,909.22,8,8,Delivered,0
SHP100905,2026-05-09,BlueDart,Chennai,Lucknow,West,Sea,High,8.49,1027,793.06,11,12,Delivered,0
SHP100906,2026-05-09,FedEx,Kolkata,Pune,Central,Air,Standard,13.0,744,1385.86,3,2,Delivered,0
SHP100907,2026-05-10,Delhivery,Kolkata,Thiruvananthapuram,South,Road,Express,11.86,1797,1415.52,6,6,Delivered,0
SHP100908,2026-05-10,UPS,Mumbai,Pune,Central,Sea,Standard,6.43,1228,854.61,12,12,Delivered,0
SHP100909,2026-05-11,DHL,Mumbai,Pune,West,Road,Standard,7.09,146,483.46,4,7,Delayed,1
SHP100910,2026-05-11,FedEx,Bengaluru,Lucknow,West,Rail,Standard,14.25,2133,1470.44,7,8,Delivered,0
SHP100911,2026-05-12,BlueDart,Hyderabad,Ahmedabad,East,Road,Express,6.34,716,782.71,5,4,Delivered,0
SHP100912,2026-05-12,UPS,Bengaluru,Ahmedabad,South,Road,Standard,7.63,393,490.73,5,6,Delivered,0
SHP100913,2026-05-13,UPS,Bengaluru,Ahmedabad,West,Air,Express,14.55,644,1246.66,3,3,Delivered,0
SHP100914,2026-05-14,DHL,Delhi,Jaipur,East,Air,Standard,27.28,1681,2234.98,4,10,Delayed,1
SHP100915,2026-05-14,BlueDart,Chennai,Lucknow,East,Rail,Standard,8.08,905,757.01,7,6,Delivered,0
SHP100916,2026-05-15,Delhivery,Delhi,Pune,Central,Road,Standard,9.63,1185,1062.1,5,4,Delivered,0
SHP100917,2026-05-15,UPS,Hyderabad,Thiruvananthapuram,Central,Road,Standard,11.63,1105,898.4,5,5,Delivered,0
SHP100918,2026-05-16,DHL,Kolkata,Jaipur,East,Road,Express,14.46,2331,1689.07,7,8,Delivered,0
SHP100919,2026-05-16,Delhivery,Mumbai,Ahmedabad,Central,Road,Standard,13.21,741,971.41,5,4,Delivered,0
SHP100920,2026-05-17,BlueDart,Hyderabad,Kochi,West,Rail,Express,4.36,884,699.06,7,7,Delivered,0
SHP100921,2026-05-17,UPS,Kolkata,Jaipur,North,Sea,Standard,8.46,615,482.05,10,9,Delivered,0
SHP100922,2026-05-18,Delhivery,Hyderabad,Jaipur,West,Road,Standard,13.27,1471,1101.83,4,4,Delivered,0
SHP100923,2026-05-18,Delhivery,Kolkata,Lucknow,East,Rail,Standard,16.43,1315,1274.86,8,8,Delivered,0
SHP100924,2026-05-19,Delhivery,Mumbai,Thiruvananthapuram,East,Rail,Standard,6.08,2000,1198.26,8,8,Delivered,0
SHP100925,2026-05-20,UPS,Kolkata,Jaipur,West,Road,Express,8.32,2244,1439.63,5,7,Delivered,0
SHP100926,2026-05-20,UPS,Bengaluru,Thiruvananthapuram,Central,Sea,Express,8.98,707,679.52,10,10,Delivered,0
SHP100927,2026-05-21,FedEx,Hyderabad,Lucknow,Central,Air,Standard,6.92,828,1188.34,3,3,Delivered,0
SHP100928,2026-05-21,BlueDart,Mumbai,Kochi,East,Air,Standard,8.17,184,798.88,2,5,Delayed,1
SHP100929,2026-05-22,DHL,Kolkata,Pune,South,Rail,Express,37.75,125,1498.07,7,7,Delivered,0
SHP100930,2026-05-22,Delhivery,Bengaluru,Pune,Central,Road,Express,5.9,1434,925.64,6,6,Delivered,0
SHP100931,2026-05-23,FedEx,Bengaluru,Ahmedabad,West,Rail,Express,6.24,1319,905.79,8,8,Delivered,0
SHP100932,2026-05-23,DHL,Chennai,Ahmedabad,Central,Rail,Standard,1.61,1061,602.26,6,6,Delivered,0
SHP100933,2026-05-24,FedEx,Bengaluru,Kochi,West,Air,Standard,1.37,1039,1002.39,3,3,Delivered,0
SHP100934,2026-05-24,UPS,Delhi,Pune,East,Rail,High,9.41,1595,1254.07,7,9,Delivered,0
SHP100935,2026-05-25,Delhivery,Mumbai,Ahmedabad,Central,Road,Express,13.3,1916,1466.0,6,13,Delayed,1
SHP100936,2026-05-26,DHL,Mumbai,Thiruvananthapuram,West,Road,Standard,11.76,1561,1268.78,6,5,Delivered,0
SHP100937,2026-05-26,DHL,Mumbai,Jaipur,East,Road,Express,3.52,1639,965.86,5,6,Delivered,0
SHP100938,2026-05-27,DHL,Kolkata,Lucknow,South,Sea,Express,11.31,1587,1006.81,11,11,Delivered,0
SHP100939,2026-05-27,DHL,Hyderabad,Ahmedabad,West,Air,Standard,6.17,2143,1874.64,5,6,Delivered,0
SHP100940,2026-05-28,DHL,Kolkata,Kochi,South,Road,Standard,5.12,2080,1247.0,7,7,Delivered,0
SHP100941,2026-05-28,FedEx,Delhi,Pune,South,Road,Standard,2.17,2370,1254.42,6,6,Delivered,0
SHP100942,2026-05-29,Delhivery,Hyderabad,Kochi,North,Road,Standard,3.88,2053,1141.28,7,8,Delivered,0
SHP100943,2026-05-29,UPS,Bengaluru,Lucknow,Central,Road,Express,9.56,991,759.02,6,6,Delivered,0
SHP100944,2026-05-30,UPS,Kolkata,Lucknow,West,Air,Standard,8.4,1374,1555.79,4,6,Delivered,0
SHP100945,2026-05-30,UPS,Hyderabad,Kochi,South,Air,Express,7.57,1882,1588.64,4,5,Delivered,0
SHP100946,2026-05-31,UPS,Bengaluru,Ahmedabad,North,Road,High,0.87,1833,1015.96,7,13,Delayed,1
SHP100947,2026-06-01,FedEx,Hyderabad,Ahmedabad,East,Rail,Standard,7.62,194,559.28,7,7,Delivered,0
SHP100948,2026-06-01,BlueDart,Bengaluru,Pune,West,Air,Standard,4.31,1683,1498.17,3,3,Delivered,0
SHP100949,2026-06-02,Delhivery,Hyderabad,Thiruvananthapuram,South,Air,Express,8.44,1402,1521.82,4,4,Delivered,0
SHP100950,2026-06-02,DHL,Kolkata,Pune,Central,Sea,Express,14.74,1940,1480.71,12,12,Delivered,0
SHP100951,2026-06-03,BlueDart,Kolkata,Jaipur,North,Air,Express,4.82,1178,1223.53,3,3,Delivered,0
SHP100952,2026-06-03,UPS,Delhi,Thiruvananthapuram,South,Sea,Standard,7.24,1057,787.14,10,15,Delayed,1
SHP100953,2026-06-04,BlueDart,Chennai,Jaipur,Central,Road,Standard,22.17,1585,1539.38,6,6,Delivered,0
SHP100954,2026-06-04,Delhivery,Mumbai,Pune,South,Rail,Standard,8.15,1206,818.55,7,14,Delayed,1
SHP100955,2026-06-05,DHL,Kolkata,Thiruvananthapuram,West,Air,High,6.63,376,1020.12,4,4,Delivered,0
SHP100956,2026-06-05,DHL,Kolkata,Thiruvananthapuram,West,Air,Standard,3.57,2305,1799.93,5,5,Delivered,0
SHP100957,2026-06-06,Delhivery,Bengaluru,Jaipur,West,Road,High,11.51,2442,1670.3,6,7,Delivered,0
SHP100958,2026-06-07,Delhivery,Chennai,Kochi,North,Rail,Standard,3.09,1142,888.54,8,9,Delivered,0
SHP100959,2026-06-07,UPS,Kolkata,Ahmedabad,West,Road,High,15.16,338,682.92,5,6,Delivered,0
SHP100960,2026-06-08,DHL,Hyderabad,Thiruvananthapuram,Central,Air,Express,10.46,2134,1975.0,4,4,Delivered,0
SHP100961,2026-06-08,BlueDart,Chennai,Thiruvananthapuram,South,Rail,Standard,4.43,2176,1248.62,8,9,Delivered,0
SHP100962,2026-06-09,FedEx,Mumbai,Jaipur,East,Rail,Express,3.66,2288,1370.12,8,7,Delivered,0
SHP100963,2026-06-09,FedEx,Hyderabad,Thiruvananthapuram,Central,Road,Standard,3.73,1972,1099.97,6,5,Delivered,0
SHP100964,2026-06-10,Delhivery,Bengaluru,Jaipur,Central,Rail,Standard,1.4,255,294.74,7,8,Delivered,0
SHP100965,2026-06-10,UPS,Delhi,Kochi,West,Rail,Standard,9.26,1080,844.85,7,7,Delivered,0
SHP100966,2026-06-11,FedEx,Hyderabad,Thiruvananthapuram,North,Road,Standard,0.99,1998,1105.16,5,5,Delivered,0
SHP100967,2026-06-11,DHL,Mumbai,Lucknow,South,Air,Standard,6.33,1747,1602.31,3,3,Delivered,0
SHP100968,2026-06-12,Delhivery,Hyderabad,Pune,North,Road,Express,6.04,355,444.19,5,6,Delivered,0
SHP100969,2026-06-13,BlueDart,Chennai,Kochi,South,Air,Express,5.29,755,964.89,2,2,Delivered,0
SHP100970,2026-06-13,Delhivery,Chennai,Lucknow,South,Road,Standard,9.21,1903,1303.05,7,8,Delivered,0
SHP100971,2026-06-14,BlueDart,Mumbai,Kochi,North,Road,Express,4.44,1131,834.14,6,5,Delivered,0
SHP100972,2026-06-14,Delhivery,Chennai,Ahmedabad,Central,Air,Express,7.64,1436,1408.51,4,5,Delivered,0
SHP100973,2026-06-15,Delhivery,Hyderabad,Kochi,South,Road,High,15.16,2183,1498.83,7,13,Delayed,1
SHP100974,2026-06-15,Delhivery,Delhi,Kochi,North,Air,Express,9.96,626,1257.55,3,6,Delayed,1
SHP100975,2026-06-16,BlueDart,Hyderabad,Ahmedabad,South,Rail,Standard,4.95,1215,978.65,7,7,Delivered,0
SHP100976,2026-06-16,BlueDart,Delhi,Thiruvananthapuram,East,Sea,Standard,6.77,2163,1190.45,11,10,Delivered,0
SHP100977,2026-06-17,Delhivery,Chennai,Pune,Central,Air,Express,5.3,2120,1628.43,5,10,Delayed,1
SHP100978,2026-06-17,FedEx,Hyderabad,Lucknow,West,Sea,Standard,5.98,518,529.84,11,11,Delivered,0
SHP100979,2026-06-18,UPS,Chennai,Jaipur,South,Road,Standard,7.8,1832,1243.51,5,4,Delivered,0
SHP100980,2026-06-19,UPS,Delhi,Pune,East,Air,Standard,2.09,1695,1383.28,3,7,Delayed,1
SHP100981,2026-06-19,UPS,Chennai,Kochi,West,Air,Standard,1.68,1929,1635.7,4,6,Delivered,0
SHP100982,2026-06-20,BlueDart,Kolkata,Jaipur,West,Road,Standard,3.33,1680,1055.28,6,6,Delivered,0
SHP100983,2026-06-20,BlueDart,Bengaluru,Ahmedabad,South,Rail,Standard,9.51,1743,1189.69,8,10,Delivered,0
SHP100984,2026-06-21,FedEx,Hyderabad,Pune,North,Road,Standard,10.39,386,563.13,6,7,Delivered,0
SHP100985,2026-06-21,UPS,Kolkata,Thiruvananthapuram,South,Air,Express,11.43,698,1381.28,2,4,Delivered,0
SHP100986,2026-06-22,UPS,Chennai,Lucknow,East,Air,Standard,3.43,1212,1332.24,4,6,Delivered,0
SHP100987,2026-06-22,Delhivery,Chennai,Pune,West,Road,Standard,7.21,1475,1009.03,5,6,Delivered,0
SHP100988,2026-06-23,BlueDart,Bengaluru,Pune,South,Air,Standard,5.07,2484,1860.06,5,4,Delivered,0
SHP100989,2026-06-23,UPS,Chennai,Thiruvananthapuram,North,Air,Standard,6.16,2308,1785.95,5,4,Delivered,0
SHP100990,2026-06-24,FedEx,Bengaluru,Jaipur,South,Air,Standard,5.0,1459,1439.22,4,3,Delivered,0
SHP100991,2026-06-25,FedEx,Hyderabad,Ahmedabad,Central,Rail,Standard,8.11,1779,1114.95,8,8,Delivered,0
SHP100992,2026-06-25,UPS,Delhi,Thiruvananthapuram,North,Sea,Standard,4.02,2195,1068.81,12,17,Delayed,1
SHP100993,2026-06-26,BlueDart,Bengaluru,Ahmedabad,East,Road,Express,14.09,2419,1703.62,7,11,Delayed,1
SHP100994,2026-06-26,FedEx,Bengaluru,Thiruvananthapuram,West,Sea,Standard,14.17,260,728.27,10,11,Delivered,0
SHP100995,2026-06-27,Delhivery,Kolkata,Pune,South,Road,Standard,9.31,1567,1101.7,5,6,Delivered,0
SHP100996,2026-06-27,FedEx,Chennai,Ahmedabad,North,Road,Standard,13.05,993,962.22,5,6,Delivered,0
SHP100997,2026-06-28,DHL,Hyderabad,Jaipur,Central,Air,Express,2.02,1637,1462.51,4,5,Delivered,0
SHP100998,2026-06-28,DHL,Delhi,Jaipur,North,Road,Express,14.62,2193,1518.83,6,6,Delivered,0
SHP100999,2026-06-29,BlueDart,Mumbai,Lucknow,Central,Sea,Express,8.72,1124,855.0,10,10,Delivered,0
SHP101000,2026-06-30,UPS,Bengaluru,Ahmedabad,East,Road,Standard,4.21,1715,1030.02,7,7,Delivered,0
